poem_id,beyt_id,cluster_hdb
1,1,-1
1,2,-1
1,3,-1
1,4,-1
1,5,-1
1,6,5
1,7,-1
2,1,-1
2,2,-1
2,3,-1
2,4,-1
2,5,-1
2,6,-1
2,7,-1
2,8,-1
3,1,-1
3,2,-1
3,3,-1
3,4,-1
3,5,-1
3,6,-1
3,7,-1
3,8,-1
3,9,-1
4,1,5
4,2,5
4,3,5
4,4,5
4,5,5
4,6,5
4,7,5
4,8,-1
5,1,-1
5,2,5
5,3,5
5,4,-1
5,5,5
5,6,5
5,7,-1
5,8,-1
5,9,-1
5,10,-1
5,11,-1
5,12,-1
5,13,5
6,1,-1
6,2,-1
6,3,-1
6,4,-1
6,5,-1
6,6,-1
6,7,-1
7,1,-1
7,2,5
7,3,-1
7,4,5
7,5,5
7,6,5
7,7,5
7,8,-1
8,1,-1
8,2,-1
8,3,2
8,4,-1
8,5,-1
8,6,-1
8,7,-1
8,8,-1
8,9,5
9,1,-1
9,2,-1
9,3,5
9,4,5
9,5,-1
9,6,-1
9,7,-1
9,8,5
9,9,-1
9,10,-1
10,1,-1
10,2,-1
10,3,-1
10,4,5
10,5,5
10,6,5
10,7,-1
11,1,-1
11,2,-1
11,3,-1
11,4,5
11,5,-1
11,6,-1
11,7,-1
11,8,-1
11,9,-1
11,10,-1
12,1,5
12,2,5
12,3,-1
12,4,5
12,5,5
12,6,5
12,7,5
12,8,5
12,9,-1
12,10,5
12,11,5
12,12,5
12,13,5
13,1,5
13,2,-1
13,3,-1
13,4,-1
13,5,-1
13,6,-1
13,7,-1
13,8,5
14,1,-1
14,2,-1
14,3,6
14,4,6
14,5,6
14,6,6
14,7,-1
14,8,6
15,1,5
15,2,-1
15,3,-1
15,4,5
15,5,-1
15,6,5
15,7,-1
15,8,5
15,9,-1
15,10,-1
16,1,5
16,2,5
16,3,5
16,4,-1
16,5,-1
16,6,-1
16,7,-1
16,8,5
16,9,5
16,10,5
16,11,5
17,1,6
17,2,6
17,3,6
17,4,6
17,5,-1
17,6,6
17,7,5
17,8,-1
18,1,-1
18,2,-1
18,3,-1
18,4,-1
18,5,-1
18,6,-1
18,7,-1
19,1,-1
19,2,5
19,3,5
19,4,5
19,5,-1
19,6,5
19,7,5
19,8,-1
19,9,5
20,1,-1
20,2,-1
20,3,-1
20,4,-1
20,5,-1
20,6,-1
20,7,-1
20,8,-1
21,1,-1
21,2,-1
21,3,-1
21,4,-1
21,5,-1
21,6,-1
21,7,-1
22,1,-1
22,2,-1
22,3,-1
22,4,-1
22,5,-1
22,6,-1
22,7,-1
22,8,-1
22,9,-1
22,10,-1
23,1,5
23,2,5
23,3,5
23,4,5
23,5,-1
23,6,5
23,7,-1
24,1,-1
24,2,5
24,3,-1
24,4,-1
24,5,5
24,6,5
24,7,5
25,1,-1
25,2,-1
25,3,-1
25,4,5
25,5,-1
25,6,-1
25,7,-1
25,8,-1
25,9,5
26,1,-1
26,2,-1
26,3,-1
26,4,5
26,5,5
26,6,5
26,7,-1
27,1,-1
27,2,5
27,3,5
27,4,5
27,5,5
27,6,-1
28,1,-1
28,2,5
28,3,-1
28,4,-1
28,5,5
28,6,-1
28,7,5
28,8,-1
29,1,-1
29,2,-1
29,3,-1
29,4,5
29,5,-1
29,6,-1
29,7,5
29,8,-1
29,9,-1
30,1,-1
30,2,-1
30,3,-1
30,4,-1
30,5,-1
30,6,-1
30,7,-1
31,1,-1
31,2,-1
31,3,5
31,4,-1
31,5,5
31,6,5
31,7,-1
31,8,5
31,9,-1
32,1,4
32,2,4
32,3,4
32,4,4
32,5,4
32,6,4
32,7,4
33,1,-1
33,2,-1
33,3,-1
33,4,-1
33,5,-1
33,6,-1
33,7,-1
33,8,-1
33,9,-1
33,10,-1
34,1,5
34,2,5
34,3,-1
34,4,-1
34,5,5
34,6,5
34,7,5
34,8,5
34,9,-1
35,1,-1
35,2,-1
35,3,2
35,4,-1
35,5,-1
35,6,5
35,7,-1
36,1,5
36,2,5
36,3,5
36,4,5
36,5,5
36,6,5
36,7,5
36,8,-1
36,9,5
37,1,5
37,2,5
37,3,5
37,4,5
37,5,5
37,6,5
37,7,5
37,8,5
37,9,5
37,10,5
37,11,-1
38,1,5
38,2,5
38,3,5
38,4,-1
38,5,-1
38,6,-1
38,7,5
38,8,-1
39,1,-1
39,2,-1
39,3,-1
39,4,-1
39,5,-1
39,6,-1
39,7,-1
39,8,-1
39,9,-1
39,10,-1
40,1,5
40,2,-1
40,3,5
40,4,5
40,5,5
40,6,5
40,7,5
40,8,5
40,9,5
41,1,-1
41,2,5
41,3,-1
41,4,-1
41,5,5
41,6,-1
41,7,5
42,1,5
42,2,-1
42,3,5
42,4,5
42,5,5
42,6,5
42,7,-1
43,1,-1
43,2,-1
43,3,-1
43,4,-1
43,5,-1
43,6,-1
43,7,-1
44,1,-1
44,2,-1
44,3,-1
44,4,-1
44,5,-1
44,6,-1
44,7,-1
45,1,5
45,2,5
45,3,-1
45,4,-1
45,5,5
45,6,-1
45,7,-1
46,1,-1
46,2,-1
46,3,-1
46,4,-1
46,5,-1
46,6,-1
46,7,-1
46,8,-1
46,9,-1
46,10,-1
46,11,-1
47,1,-1
47,2,-1
47,3,-1
47,4,-1
47,5,-1
47,6,5
47,7,-1
47,8,-1
47,9,-1
48,1,-1
48,2,-1
48,3,-1
48,4,-1
48,5,5
48,6,-1
48,7,5
48,8,-1
48,9,-1
49,1,5
49,2,5
49,3,-1
49,4,-1
49,5,-1
49,6,-1
49,7,5
49,8,5
49,9,-1
49,10,-1
49,11,-1
49,12,-1
49,13,5
50,1,5
50,2,-1
50,3,-1
50,4,-1
50,5,-1
50,6,-1
50,7,5
51,1,5
51,2,-1
51,3,5
51,4,-1
51,5,-1
51,6,-1
51,7,-1
51,8,-1
52,1,-1
52,2,5
52,3,-1
52,4,-1
52,5,-1
52,6,-1
52,7,-1
52,8,5
53,1,-1
53,2,-1
53,3,5
53,4,5
53,5,-1
53,6,5
53,7,-1
54,1,5
54,2,5
54,3,-1
54,4,-1
54,5,5
54,6,-1
54,7,5
54,8,5
54,9,-1
55,1,5
55,2,5
55,3,5
55,4,5
55,5,-1
55,6,-1
55,7,5
56,1,5
56,2,5
56,3,-1
56,4,-1
56,5,5
56,6,5
56,7,5
56,8,-1
56,9,5
56,10,5
56,11,-1
57,1,5
57,2,5
57,3,5
57,4,-1
57,5,-1
57,6,5
57,7,-1
58,1,5
58,2,5
58,3,-1
58,4,-1
58,5,5
58,6,5
58,7,-1
58,8,5
58,9,-1
59,1,5
59,2,5
59,3,-1
59,4,5
59,5,-1
59,6,5
59,7,5
59,8,-1
60,1,5
60,2,5
60,3,-1
60,4,-1
60,5,-1
60,6,-1
60,7,5
60,8,-1
60,9,-1
61,1,5
61,2,5
61,3,-1
61,4,5
61,5,-1
61,6,5
61,7,5
62,1,-1
62,2,-1
62,3,5
62,4,-1
62,5,-1
62,6,-1
62,7,5
62,8,-1
63,1,5
63,2,5
63,3,-1
63,4,-1
63,5,5
63,6,-1
64,1,-1
64,2,5
64,3,-1
64,4,-1
64,5,-1
64,6,5
64,7,-1
64,8,-1
65,1,5
65,2,5
65,3,-1
65,4,5
65,5,5
65,6,5
65,7,-1
65,8,5
66,1,5
66,2,-1
66,3,-1
66,4,5
66,5,5
66,6,5
66,7,2
66,8,5
66,9,5
66,10,-1
67,1,5
67,2,5
67,3,5
67,4,5
67,5,5
67,6,5
67,7,5
68,1,5
68,2,5
68,3,-1
68,4,-1
68,5,-1
68,6,-1
68,7,5
69,1,5
69,2,-1
69,3,5
69,4,5
69,5,-1
69,6,-1
69,7,5
69,8,5
69,9,5
69,10,5
69,11,-1
69,12,-1
70,1,5
70,2,-1
70,3,-1
70,4,-1
70,5,-1
70,6,-1
70,7,-1
70,8,5
70,9,-1
71,1,-1
71,2,-1
71,3,-1
71,4,5
71,5,5
71,6,5
71,7,5
71,8,5
71,9,-1
71,10,-1
71,11,-1
72,1,-1
72,2,-1
72,3,-1
72,4,-1
72,5,-1
72,6,-1
72,7,-1
73,1,-1
73,2,-1
73,3,-1
73,4,-1
73,5,-1
73,6,-1
73,7,-1
73,8,-1
73,9,-1
73,10,-1
73,11,-1
73,12,-1
74,1,-1
74,2,5
74,3,-1
74,4,-1
74,5,-1
74,6,-1
74,7,-1
74,8,5
74,9,-1
75,1,5
75,2,5
75,3,5
75,4,5
75,5,-1
75,6,5
76,1,5
76,2,5
76,3,5
76,4,-1
76,5,5
76,6,5
76,7,-1
76,8,5
76,9,5
77,1,-1
77,2,-1
77,3,-1
77,4,-1
77,5,-1
77,6,-1
77,7,-1
77,8,-1
78,1,-1
78,2,5
78,3,-1
78,4,-1
78,5,-1
78,6,-1
78,7,-1
79,1,5
79,2,-1
79,3,-1
79,4,-1
79,5,-1
79,6,-1
79,7,5
80,1,-1
80,2,-1
80,3,-1
80,4,-1
80,5,-1
80,6,-1
80,7,-1
81,1,5
81,2,5
81,3,5
81,4,5
81,5,-1
81,6,5
81,7,5
81,8,-1
82,1,-1
82,2,-1
82,3,-1
82,4,5
82,5,5
82,6,5
82,7,-1
82,8,-1
82,9,-1
83,1,-1
83,2,-1
83,3,-1
83,4,-1
83,5,-1
83,6,-1
83,7,-1
84,1,-1
84,2,-1
84,3,-1
84,4,5
84,5,-1
84,6,-1
84,7,-1
84,8,-1
84,9,-1
85,1,5
85,2,5
85,3,-1
85,4,-1
85,5,-1
85,6,-1
86,1,-1
86,2,-1
86,3,-1
86,4,-1
86,5,-1
86,6,-1
86,7,-1
86,8,-1
87,1,-1
87,2,-1
87,3,-1
87,4,-1
87,5,-1
87,6,-1
87,7,-1
87,8,-1
87,9,-1
87,10,-1
88,1,-1
88,2,-1
88,3,-1
88,4,-1
88,5,-1
88,6,-1
88,7,-1
88,8,-1
88,9,-1
88,10,-1
89,1,5
89,2,5
89,3,-1
89,4,5
89,5,5
89,6,5
89,7,-1
89,8,5
89,9,5
90,1,-1
90,2,-1
90,3,-1
90,4,-1
90,5,-1
90,6,-1
90,7,-1
90,8,-1
90,9,-1
90,10,-1
91,1,5
91,2,5
91,3,5
91,4,-1
91,5,5
91,6,-1
91,7,-1
91,8,-1
91,9,-1
91,10,-1
92,1,5
92,2,5
92,3,5
92,4,-1
92,5,-1
92,6,5
92,7,-1
93,1,-1
93,2,-1
93,3,-1
93,4,-1
93,5,5
93,6,-1
93,7,-1
93,8,-1
94,1,5
94,2,5
94,3,5
94,4,5
94,5,-1
94,6,5
94,7,5
94,8,5
94,9,5
94,10,5
94,11,-1
95,1,5
95,2,5
95,3,-1
95,4,5
95,5,-1
95,6,-1
95,7,-1
96,1,5
96,2,5
96,3,5
96,4,5
96,5,5
97,1,5
97,2,5
97,3,5
97,4,5
97,5,5
97,6,-1
97,7,5
97,8,5
98,1,5
98,2,-1
98,3,5
98,4,-1
98,5,5
98,6,-1
98,7,5
98,8,5
99,1,-1
99,2,-1
99,3,5
99,4,-1
99,5,5
99,6,-1
99,7,-1
99,8,5
99,9,5
100,1,-1
100,2,-1
100,3,-1
100,4,-1
100,5,-1
101,1,-1
101,2,5
101,3,5
101,4,5
101,5,-1
101,6,-1
101,7,-1
101,8,-1
101,9,-1
101,10,-1
102,1,-1
102,2,-1
102,3,5
102,4,-1
102,5,-1
102,6,-1
102,7,-1
103,1,5
103,2,-1
103,3,1
103,4,-1
103,5,-1
103,6,1
104,1,5
104,2,5
104,3,-1
104,4,5
104,5,5
104,6,-1
104,7,5
104,8,5
105,1,-1
105,2,5
105,3,5
105,4,5
105,5,5
105,6,5
105,7,5
105,8,5
106,1,-1
106,2,-1
106,3,-1
106,4,-1
106,5,-1
106,6,-1
106,7,-1
107,1,5
107,2,5
107,3,5
107,4,5
107,5,5
107,6,5
107,7,5
107,8,-1
107,9,5
108,1,-1
108,2,-1
108,3,-1
108,4,5
108,5,-1
109,1,5
109,2,5
109,3,5
109,4,-1
109,5,5
109,6,5
109,7,-1
110,1,5
110,2,-1
110,3,-1
110,4,-1
110,5,-1
110,6,-1
110,7,-1
110,8,-1
111,1,-1
111,2,-1
111,3,-1
111,4,-1
111,5,-1
111,6,-1
111,7,-1
111,8,-1
111,9,-1
111,10,-1
111,11,-1
112,1,-1
112,2,-1
112,3,-1
112,4,-1
112,5,-1
112,6,-1
112,7,-1
113,1,-1
113,2,-1
113,3,-1
113,4,-1
113,5,-1
113,6,-1
114,1,-1
114,2,-1
114,3,-1
114,4,5
114,5,-1
114,6,-1
114,7,-1
114,8,-1
115,1,-1
115,2,-1
115,3,-1
115,4,-1
115,5,-1
115,6,-1
115,7,-1
116,1,5
116,2,5
116,3,5
116,4,5
116,5,-1
116,6,5
116,7,-1
116,8,5
117,1,-1
117,2,5
117,3,-1
117,4,-1
117,5,5
117,6,-1
117,7,-1
117,8,5
118,1,-1
118,2,-1
118,3,-1
118,4,-1
118,5,-1
118,6,5
118,7,5
118,8,5
118,9,-1
119,1,-1
119,2,5
119,3,5
119,4,-1
119,5,5
119,6,5
119,7,5
119,8,5
119,9,-1
120,1,5
120,2,5
120,3,5
120,4,5
120,5,-1
120,6,-1
120,7,5
120,8,5
120,9,5
120,10,5
120,11,5
120,12,5
121,1,5
121,2,5
121,3,5
121,4,5
121,5,5
121,6,5
121,7,5
121,8,5
121,9,5
122,1,5
122,2,5
122,3,-1
122,4,5
122,5,5
122,6,-1
122,7,-1
122,8,-1
123,1,-1
123,2,-1
123,3,-1
123,4,-1
123,5,-1
123,6,-1
123,7,-1
123,8,-1
123,9,-1
124,1,5
124,2,5
124,3,-1
124,4,5
124,5,5
124,6,-1
124,7,5
124,8,5
124,9,5
125,1,5
125,2,5
125,3,5
125,4,5
125,5,5
125,6,-1
125,7,5
125,8,5
125,9,5
125,10,5
126,1,-1
126,2,5
126,3,5
126,4,5
126,5,5
126,6,5
126,7,5
126,8,5
126,9,-1
127,1,5
127,2,-1
127,3,5
127,4,5
127,5,5
127,6,-1
127,7,-1
127,8,-1
127,9,-1
127,10,-1
128,1,-1
128,2,-1
128,3,-1
128,4,5
128,5,-1
128,6,5
128,7,5
128,8,-1
128,9,-1
128,10,-1
129,1,-1
129,2,-1
129,3,-1
129,4,-1
129,5,-1
129,6,-1
129,7,-1
130,1,-1
130,2,-1
130,3,5
130,4,5
130,5,5
130,6,-1
130,7,-1
130,8,-1
130,9,-1
130,10,5
131,1,-1
131,2,-1
131,3,-1
131,4,-1
131,5,-1
131,6,-1
131,7,-1
131,8,-1
132,1,-1
132,2,-1
132,3,-1
132,4,-1
132,5,-1
132,6,-1
133,1,5
133,2,5
133,3,-1
133,4,-1
133,5,5
133,6,5
133,7,5
133,8,5
133,9,-1
134,1,-1
134,2,-1
134,3,-1
134,4,-1
134,5,-1
134,6,-1
134,7,-1
135,1,-1
135,2,-1
135,3,-1
135,4,-1
135,5,-1
135,6,-1
135,7,-1
136,1,5
136,2,5
136,3,5
136,4,5
136,5,5
136,6,5
136,7,5
136,8,5
136,9,5
136,10,5
137,1,5
137,2,-1
137,3,5
137,4,-1
137,5,-1
137,6,5
137,7,5
137,8,5
138,1,5
138,2,-1
138,3,-1
138,4,5
138,5,-1
138,6,-1
138,7,5
138,8,-1
138,9,-1
139,1,5
139,2,-1
139,3,-1
139,4,5
139,5,5
139,6,5
139,7,5
140,1,-1
140,2,-1
140,3,-1
140,4,5
140,5,5
140,6,5
141,1,-1
141,2,-1
141,3,-1
141,4,-1
141,5,-1
141,6,-1
141,7,-1
142,1,5
142,2,-1
142,3,-1
142,4,-1
142,5,-1
142,6,-1
143,1,-1
143,2,-1
143,3,5
143,4,-1
143,5,-1
143,6,-1
143,7,-1
143,8,5
143,9,-1
143,10,5
144,1,-1
144,2,-1
144,3,-1
144,4,-1
144,5,-1
144,6,-1
144,7,-1
144,8,-1
144,9,5
144,10,-1
144,11,-1
145,1,-1
145,2,5
145,3,5
145,4,5
145,5,5
145,6,-1
145,7,-1
145,8,-1
145,9,-1
146,1,-1
146,2,-1
146,3,5
146,4,-1
146,5,-1
146,6,-1
146,7,5
146,8,-1
147,1,5
147,2,-1
147,3,-1
147,4,-1
147,5,-1
147,6,5
147,7,-1
148,1,-1
148,2,5
148,3,-1
148,4,5
148,5,-1
149,1,-1
149,2,-1
149,3,-1
149,4,-1
149,5,-1
149,6,-1
149,7,-1
149,8,-1
149,9,-1
149,10,-1
149,11,-1
149,12,-1
149,13,-1
149,14,-1
150,1,-1
150,2,-1
150,3,-1
150,4,-1
150,5,-1
150,6,4
150,7,-1
150,8,-1
151,1,3
151,2,-1
151,3,-1
151,4,-1
151,5,-1
151,6,-1
151,7,-1
152,1,-1
152,2,-1
152,3,-1
152,4,-1
152,5,-1
152,6,-1
152,7,-1
153,1,-1
153,2,-1
153,3,-1
153,4,-1
153,5,-1
153,6,-1
153,7,5
153,8,5
153,9,-1
153,10,-1
153,11,-1
153,12,-1
153,13,-1
154,1,5
154,2,-1
154,3,-1
154,4,-1
154,5,-1
154,6,-1
154,7,5
154,8,5
154,9,-1
154,10,-1
155,1,-1
155,2,-1
155,3,5
155,4,5
155,5,5
155,6,-1
155,7,-1
156,1,-1
156,2,5
156,3,-1
156,4,5
156,5,-1
156,6,-1
156,7,-1
156,8,-1
156,9,-1
157,1,5
157,2,5
157,3,5
157,4,5
157,5,5
157,6,5
157,7,5
158,1,5
158,2,5
158,3,-1
158,4,-1
158,5,5
158,6,-1
158,7,-1
159,1,5
159,2,5
159,3,5
159,4,-1
159,5,-1
159,6,5
159,7,-1
160,1,-1
160,2,-1
160,3,-1
160,4,-1
160,5,-1
160,6,5
160,7,-1
161,1,-1
161,2,-1
161,3,-1
161,4,5
161,5,-1
161,6,-1
161,7,-1
162,1,5
162,2,5
162,3,5
162,4,5
162,5,5
162,6,-1
162,7,5
162,8,5
162,9,-1
162,10,5
162,11,-1
163,1,-1
163,2,-1
163,3,-1
163,4,5
163,5,-1
163,6,-1
164,1,-1
164,2,-1
164,3,-1
164,4,-1
164,5,5
164,6,5
164,7,-1
164,8,-1
164,9,-1
165,1,4
165,2,4
165,3,4
165,4,-1
165,5,4
165,6,4
165,7,4
166,1,4
166,2,4
166,3,4
166,4,4
166,5,4
166,6,4
166,7,4
166,8,4
167,1,-1
167,2,5
167,3,5
167,4,-1
167,5,-1
167,6,5
167,7,-1
167,8,5
167,9,-1
167,10,-1
168,1,5
168,2,-1
168,3,5
168,4,5
168,5,5
168,6,5
168,7,5
168,8,5
168,9,5
169,1,-1
169,2,-1
169,3,-1
169,4,-1
169,5,-1
169,6,-1
169,7,-1
169,8,-1
169,9,-1
170,1,-1
170,2,-1
170,3,-1
170,4,-1
170,5,5
170,6,-1
170,7,-1
170,8,5
171,1,-1
171,2,-1
171,3,-1
171,4,-1
171,5,-1
171,6,-1
171,7,5
171,8,-1
171,9,-1
172,1,-1
172,2,-1
172,3,-1
172,4,-1
172,5,-1
172,6,-1
172,7,-1
173,1,-1
173,2,-1
173,3,-1
173,4,-1
173,5,-1
173,6,-1
173,7,-1
173,8,-1
174,1,5
174,2,-1
174,3,-1
174,4,5
174,5,-1
174,6,-1
174,7,5
175,1,-1
175,2,-1
175,3,-1
175,4,-1
175,5,-1
175,6,-1
175,7,-1
175,8,-1
176,1,-1
176,2,-1
176,3,-1
176,4,-1
176,5,5
176,6,-1
176,7,-1
176,8,-1
177,1,5
177,2,5
177,3,5
177,4,5
177,5,-1
177,6,-1
177,7,5
177,8,5
177,9,-1
177,10,5
178,1,-1
178,2,5
178,3,-1
178,4,-1
178,5,5
178,6,5
178,7,-1
178,8,5
178,9,5
178,10,-1
178,11,5
179,1,-1
179,2,-1
179,3,-1
179,4,-1
179,5,-1
179,6,-1
179,7,-1
179,8,5
179,9,-1
180,1,5
180,2,5
180,3,-1
180,4,-1
180,5,-1
180,6,5
180,7,5
180,8,-1
181,1,5
181,2,5
181,3,-1
181,4,5
181,5,5
181,6,5
181,7,5
182,1,5
182,2,5
182,3,5
182,4,5
182,5,-1
182,6,-1
182,7,5
182,8,5
182,9,5
183,1,-1
183,2,-1
183,3,-1
183,4,-1
183,5,-1
183,6,-1
183,7,-1
183,8,-1
184,1,-1
184,2,-1
184,3,-1
184,4,-1
184,5,-1
184,6,-1
184,7,-1
185,1,-1
185,2,-1
185,3,-1
185,4,-1
185,5,-1
185,6,-1
185,7,-1
186,1,5
186,2,5
186,3,5
186,4,5
186,5,-1
186,6,5
186,7,5
186,8,-1
187,1,-1
187,2,5
187,3,-1
187,4,-1
187,5,-1
187,6,-1
187,7,5
188,1,-1
188,2,5
188,3,-1
188,4,-1
188,5,-1
188,6,5
188,7,-1
189,1,5
189,2,-1
189,3,-1
189,4,5
189,5,-1
189,6,-1
189,7,-1
189,8,5
189,9,5
190,1,5
190,2,5
190,3,-1
190,4,5
190,5,-1
190,6,-1
190,7,-1
190,8,5
191,1,5
191,2,-1
191,3,5
191,4,5
191,5,5
191,6,5
191,7,5
191,8,5
191,9,5
192,1,5
192,2,5
192,3,5
192,4,5
192,5,-1
192,6,5
192,7,5
192,8,5
192,9,5
192,10,-1
193,1,-1
193,2,-1
193,3,-1
193,4,-1
193,5,-1
193,6,-1
193,7,-1
193,8,-1
193,9,-1
193,10,-1
193,11,-1
194,1,5
194,2,5
194,3,5
194,4,5
194,5,5
194,6,5
194,7,5
194,8,5
195,1,-1
195,2,-1
195,3,-1
195,4,-1
195,5,-1
195,6,-1
195,7,-1
195,8,-1
195,9,-1
196,1,5
196,2,5
196,3,5
196,4,5
196,5,5
196,6,5
196,7,5
196,8,5
196,9,-1
196,10,5
196,11,5
196,12,5
197,1,-1
197,2,-1
197,3,5
197,4,5
197,5,5
197,6,-1
197,7,-1
197,8,5
197,9,-1
198,1,-1
198,2,-1
198,3,-1
198,4,-1
198,5,-1
198,6,-1
198,7,-1
198,8,-1
198,9,-1
199,1,5
199,2,5
199,3,-1
199,4,-1
199,5,-1
199,6,-1
199,7,-1
199,8,-1
200,1,-1
200,2,-1
200,3,5
200,4,5
200,5,5
200,6,-1
200,7,5
200,8,5
200,9,5
200,10,5
201,1,-1
201,2,5
201,3,5
201,4,-1
201,5,-1
201,6,-1
201,7,5
201,8,-1
201,9,-1
202,1,-1
202,2,-1
202,3,-1
202,4,-1
202,5,-1
202,6,-1
202,7,5
203,1,-1
203,2,-1
203,3,-1
203,4,5
203,5,-1
203,6,-1
203,7,5
203,8,-1
203,9,-1
204,1,1
204,2,1
204,3,1
204,4,1
204,5,1
204,6,1
204,7,1
204,8,-1
204,9,1
205,1,-1
205,2,-1
205,3,-1
205,4,-1
205,5,-1
205,6,-1
205,7,-1
206,1,1
206,2,1
206,3,-1
206,4,1
206,5,1
206,6,-1
206,7,1
206,8,-1
206,9,-1
206,10,-1
207,1,-1
207,2,-1
207,3,-1
207,4,-1
207,5,-1
207,6,-1
207,7,-1
207,8,-1
207,9,5
208,1,-1
208,2,-1
208,3,-1
208,4,-1
208,5,-1
208,6,-1
208,7,-1
209,1,5
209,2,5
209,3,-1
209,4,-1
209,5,5
209,6,5
209,7,5
209,8,5
210,1,5
210,2,5
210,3,5
210,4,5
210,5,5
210,6,5
210,7,-1
211,1,5
211,2,5
211,3,5
211,4,-1
211,5,-1
211,6,-1
211,7,-1
211,8,-1
212,1,-1
212,2,-1
212,3,-1
212,4,-1
212,5,-1
212,6,-1
212,7,-1
212,8,-1
213,1,5
213,2,5
213,3,5
213,4,-1
213,5,-1
213,6,5
213,7,5
213,8,5
214,1,-1
214,2,-1
214,3,5
214,4,-1
214,5,-1
214,6,-1
214,7,-1
214,8,-1
214,9,-1
215,1,-1
215,2,-1
215,3,-1
215,4,-1
215,5,-1
215,6,-1
215,7,-1
215,8,-1
216,1,5
216,2,-1
216,3,-1
216,4,5
216,5,-1
216,6,-1
216,7,-1
216,8,5
216,9,-1
216,10,-1
217,1,-1
217,2,-1
217,3,-1
217,4,-1
217,5,-1
217,6,-1
217,7,-1
217,8,-1
218,1,5
218,2,5
218,3,5
218,4,5
218,5,-1
218,6,-1
218,7,5
218,8,5
218,9,5
219,1,-1
219,2,5
219,3,5
219,4,-1
219,5,5
219,6,-1
219,7,5
219,8,-1
219,9,5
219,10,5
220,1,-1
220,2,-1
220,3,-1
220,4,-1
220,5,-1
220,6,-1
220,7,-1
221,1,5
221,2,5
221,3,-1
221,4,5
221,5,-1
221,6,-1
221,7,-1
221,8,-1
222,1,-1
222,2,-1
222,3,5
222,4,-1
222,5,-1
222,6,5
222,7,-1
223,1,5
223,2,5
223,3,5
223,4,5
223,5,5
223,6,5
223,7,-1
224,1,5
224,2,5
224,3,5
224,4,5
224,5,-1
224,6,-1
224,7,-1
224,8,-1
224,9,-1
224,10,-1
224,11,-1
225,1,-1
225,2,-1
225,3,-1
225,4,-1
225,5,-1
225,6,5
225,7,-1
225,8,-1
226,1,5
226,2,-1
226,3,-1
226,4,-1
226,5,-1
226,6,-1
226,7,-1
226,8,-1
226,9,-1
226,10,-1
227,1,-1
227,2,-1
227,3,-1
227,4,-1
227,5,-1
227,6,-1
227,7,-1
227,8,-1
228,1,-1
228,2,-1
228,3,-1
228,4,-1
228,5,-1
228,6,-1
228,7,-1
229,1,-1
229,2,-1
229,3,-1
229,4,-1
229,5,-1
229,6,-1
229,7,-1
230,1,-1
230,2,-1
230,3,-1
230,4,-1
230,5,5
230,6,5
230,7,-1
230,8,5
230,9,-1
231,1,5
231,2,5
231,3,5
231,4,5
231,5,-1
231,6,5
231,7,5
231,8,-1
232,1,5
232,2,-1
232,3,-1
232,4,5
232,5,5
232,6,-1
232,7,5
232,8,-1
233,1,-1
233,2,-1
233,3,5
233,4,-1
233,5,-1
233,6,-1
234,1,-1
234,2,-1
234,3,5
234,4,-1
234,5,5
234,6,-1
234,7,5
235,1,5
235,2,5
235,3,-1
235,4,5
235,5,5
235,6,-1
235,7,5
236,1,5
236,2,5
236,3,5
236,4,5
236,5,5
236,6,5
236,7,5
236,8,5
237,1,5
237,2,5
237,3,5
237,4,5
237,5,5
237,6,5
237,7,5
237,8,5
237,9,5
238,1,5
238,2,-1
238,3,5
238,4,5
238,5,5
238,6,-1
238,7,-1
238,8,-1
238,9,5
239,1,5
239,2,5
239,3,3
239,4,5
239,5,-1
239,6,-1
239,7,-1
239,8,5
240,1,-1
240,2,-1
240,3,-1
240,4,-1
240,5,-1
240,6,-1
240,7,-1
240,8,-1
240,9,-1
241,1,-1
241,2,-1
241,3,-1
241,4,-1
241,5,-1
241,6,-1
241,7,-1
242,1,-1
242,2,-1
242,3,-1
242,4,-1
242,5,-1
242,6,-1
242,7,-1
242,8,-1
242,9,-1
243,1,-1
243,2,5
243,3,-1
243,4,5
243,5,5
243,6,-1
243,7,-1
243,8,-1
243,9,-1
243,10,-1
243,11,-1
243,12,-1
244,1,-1
244,2,-1
244,3,-1
244,4,-1
244,5,-1
244,6,-1
244,7,-1
244,8,-1
245,1,5
245,2,5
245,3,5
245,4,-1
245,5,5
245,6,5
245,7,5
245,8,-1
245,9,5
245,10,5
245,11,-1
245,12,5
246,1,-1
246,2,-1
246,3,5
246,4,-1
246,5,5
246,6,-1
246,7,5
246,8,5
246,9,-1
246,10,5
247,1,5
247,2,-1
247,3,-1
247,4,-1
247,5,-1
247,6,-1
247,7,-1
247,8,-1
248,1,5
248,2,-1
248,3,-1
248,4,5
248,5,-1
248,6,-1
248,7,5
249,1,5
249,2,5
249,3,5
249,4,-1
249,5,5
249,6,-1
249,7,5
249,8,-1
249,9,5
249,10,-1
250,1,-1
250,2,-1
250,3,-1
250,4,-1
250,5,-1
250,6,-1
250,7,-1
250,8,5
250,9,-1
251,1,4
251,2,5
251,3,5
251,4,5
251,5,5
251,6,5
252,1,-1
252,2,-1
252,3,-1
252,4,-1
252,5,-1
252,6,-1
252,7,-1
252,8,-1
252,9,-1
253,1,-1
253,2,5
253,3,5
253,4,5
253,5,-1
253,6,5
253,7,5
253,8,5
253,9,-1
254,1,-1
254,2,-1
254,3,-1
254,4,-1
254,5,-1
254,6,-1
254,7,-1
255,1,-1
255,2,-1
255,3,-1
255,4,5
255,5,-1
255,6,5
255,7,5
255,8,5
255,9,-1
255,10,-1
256,1,5
256,2,5
256,3,3
256,4,5
256,5,5
256,6,5
256,7,-1
256,8,-1
256,9,5
256,10,5
256,11,5
256,12,-1
257,1,-1
257,2,-1
257,3,-1
257,4,-1
257,5,5
257,6,5
257,7,-1
257,8,-1
257,9,-1
257,10,-1
258,1,5
258,2,5
258,3,-1
258,4,5
258,5,-1
258,6,-1
258,7,5
258,8,5
258,9,-1
259,1,-1
259,2,5
259,3,5
259,4,-1
259,5,-1
259,6,-1
259,7,-1
260,1,5
260,2,5
260,3,5
260,4,5
260,5,-1
260,6,-1
260,7,5
260,8,-1
260,9,-1
261,1,5
261,2,-1
261,3,5
261,4,5
261,5,5
261,6,5
262,1,5
262,2,-1
262,3,5
262,4,5
262,5,5
262,6,5
262,7,-1
263,1,5
263,2,-1
263,3,-1
263,4,-1
263,5,-1
263,6,5
263,7,-1
263,8,5
264,1,5
264,2,5
264,3,5
264,4,-1
264,5,-1
264,6,5
264,7,-1
264,8,-1
264,9,-1
265,1,5
265,2,5
265,3,-1
265,4,-1
265,5,5
265,6,5
265,7,-1
265,8,5
265,9,-1
266,1,-1
266,2,5
266,3,5
266,4,-1
266,5,5
266,6,5
266,7,5
266,8,5
267,1,-1
267,2,-1
267,3,5
267,4,-1
267,5,-1
267,6,-1
267,7,5
267,8,-1
267,9,5
268,1,-1
268,2,-1
268,3,-1
268,4,-1
268,5,3
268,6,-1
268,7,-1
268,8,-1
269,1,-1
269,2,-1
269,3,-1
269,4,-1
269,5,-1
269,6,-1
269,7,-1
269,8,-1
269,9,-1
270,1,5
270,2,-1
270,3,5
270,4,-1
270,5,-1
270,6,5
270,7,-1
271,1,5
271,2,-1
271,3,-1
271,4,-1
271,5,-1
271,6,5
271,7,5
271,8,5
272,1,5
272,2,-1
272,3,-1
272,4,-1
272,5,5
272,6,5
272,7,-1
273,1,5
273,2,-1
273,3,-1
273,4,5
273,5,5
273,6,-1
273,7,5
273,8,-1
273,9,5
274,1,5
274,2,5
274,3,5
274,4,5
274,5,-1
274,6,5
274,7,5
275,1,-1
275,2,-1
275,3,-1
275,4,-1
275,5,5
275,6,5
275,7,5
275,8,-1
276,1,5
276,2,5
276,3,-1
276,4,-1
276,5,5
276,6,5
276,7,-1
276,8,5
277,1,5
277,2,-1
277,3,-1
277,4,-1
277,5,5
277,6,-1
277,7,-1
277,8,-1
277,9,-1
278,1,-1
278,2,-1
278,3,-1
278,4,-1
278,5,-1
278,6,-1
278,7,5
279,1,-1
279,2,-1
279,3,-1
279,4,-1
279,5,-1
279,6,-1
279,7,-1
279,8,-1
279,9,-1
280,1,5
280,2,5
280,3,5
280,4,5
280,5,5
280,6,5
280,7,5
281,1,-1
281,2,-1
281,3,-1
281,4,-1
281,5,-1
281,6,-1
281,7,-1
281,8,-1
281,9,-1
282,1,5
282,2,5
282,3,5
282,4,5
282,5,5
282,6,5
282,7,5
283,1,-1
283,2,-1
283,3,-1
283,4,-1
283,5,-1
283,6,5
283,7,5
283,8,-1
283,9,-1
284,1,-1
284,2,-1
284,3,-1
284,4,-1
284,5,-1
284,6,-1
284,7,-1
284,8,-1
284,9,-1
285,1,-1
285,2,-1
285,3,-1
285,4,-1
285,5,-1
285,6,5
285,7,-1
285,8,-1
285,9,5
286,1,-1
286,2,-1
286,3,-1
286,4,5
286,5,-1
286,6,-1
286,7,-1
286,8,-1
286,9,-1
287,1,5
287,2,5
287,3,5
287,4,5
287,5,5
287,6,5
287,7,5
288,1,5
288,2,5
288,3,-1
288,4,-1
288,5,5
288,6,-1
288,7,5
289,1,5
289,2,-1
289,3,5
289,4,5
289,5,5
289,6,5
289,7,5
289,8,5
290,1,-1
290,2,-1
290,3,-1
290,4,-1
290,5,-1
290,6,-1
290,7,-1
290,8,-1
291,1,-1
291,2,-1
291,3,-1
291,4,-1
291,5,-1
291,6,-1
291,7,-1
292,1,-1
292,2,-1
292,3,-1
292,4,-1
292,5,-1
292,6,-1
292,7,-1
293,1,-1
293,2,-1
293,3,-1
293,4,-1
293,5,-1
293,6,-1
293,7,-1
293,8,-1
294,1,5
294,2,5
294,3,5
294,4,5
294,5,5
294,6,5
294,7,-1
294,8,5
294,9,5
294,10,5
294,11,5
295,1,-1
295,2,-1
295,3,5
295,4,5
295,5,-1
295,6,5
295,7,5
296,1,5
296,2,-1
296,3,5
296,4,5
296,5,-1
296,6,-1
296,7,-1
296,8,5
296,9,-1
297,1,6
297,2,6
297,3,6
297,4,6
297,5,6
297,6,6
297,7,6
297,8,6
297,9,6
297,10,6
297,11,6
297,12,6
298,1,5
298,2,-1
298,3,-1
298,4,5
298,5,-1
298,6,-1
298,7,-1
298,8,-1
298,9,-1
299,1,-1
299,2,-1
299,3,-1
299,4,-1
299,5,-1
299,6,-1
299,7,-1
300,1,-1
300,2,5
300,3,5
300,4,5
300,5,-1
300,6,5
300,7,-1
300,8,-1
300,9,-1
301,1,-1
301,2,-1
301,3,-1
301,4,-1
301,5,-1
301,6,-1
301,7,-1
302,1,-1
302,2,-1
302,3,-1
302,4,-1
302,5,-1
302,6,-1
302,7,-1
302,8,-1
302,9,5
302,10,-1
303,1,5
303,2,5
303,3,-1
303,4,5
303,5,-1
303,6,5
303,7,5
304,1,-1
304,2,-1
304,3,-1
304,4,-1
304,5,-1
304,6,-1
304,7,-1
304,8,-1
304,9,-1
305,1,5
305,2,5
305,3,5
305,4,-1
305,5,-1
305,6,5
305,7,-1
306,1,5
306,2,5
306,3,5
306,4,5
306,5,5
306,6,5
306,7,-1
306,8,-1
306,9,5
307,1,5
307,2,5
307,3,-1
307,4,5
307,5,5
307,6,5
307,7,-1
307,8,-1
308,1,5
308,2,-1
308,3,5
308,4,5
308,5,5
308,6,5
308,7,5
308,8,5
309,1,-1
309,2,-1
309,3,5
309,4,-1
309,5,-1
309,6,-1
309,7,-1
309,8,-1
309,9,-1
310,1,-1
310,2,5
310,3,-1
310,4,-1
310,5,-1
310,6,-1
310,7,-1
310,8,5
310,9,-1
311,1,-1
311,2,-1
311,3,-1
311,4,-1
311,5,-1
311,6,-1
312,1,-1
312,2,-1
312,3,-1
312,4,-1
312,5,-1
312,6,-1
312,7,-1
313,1,-1
313,2,-1
313,3,-1
313,4,-1
313,5,-1
313,6,-1
313,7,-1
313,8,-1
313,9,5
314,1,5
314,2,5
314,3,5
314,4,-1
314,5,5
314,6,5
314,7,5
314,8,-1
314,9,-1
315,1,5
315,2,5
315,3,5
315,4,-1
315,5,5
315,6,5
315,7,5
316,1,-1
316,2,-1
316,3,4
316,4,-1
316,5,5
316,6,5
316,7,-1
316,8,5
316,9,5
317,1,5
317,2,-1
317,3,-1
317,4,-1
317,5,-1
317,6,5
317,7,5
317,8,5
317,9,5
318,1,5
318,2,5
318,3,5
318,4,5
318,5,5
318,6,5
318,7,5
318,8,-1
319,1,-1
319,2,5
319,3,5
319,4,-1
319,5,-1
319,6,-1
319,7,-1
319,8,-1
319,9,-1
319,10,-1
320,1,-1
320,2,-1
320,3,-1
320,4,-1
320,5,-1
320,6,5
320,7,-1
320,8,-1
321,1,-1
321,2,-1
321,3,-1
321,4,-1
321,5,-1
321,6,-1
321,7,-1
321,8,5
321,9,-1
321,10,-1
322,1,5
322,2,5
322,3,-1
322,4,5
322,5,5
322,6,5
322,7,5
322,8,5
322,9,-1
323,1,5
323,2,5
323,3,5
323,4,5
323,5,5
323,6,5
323,7,5
324,1,-1
324,2,-1
324,3,-1
324,4,-1
324,5,-1
324,6,5
324,7,5
324,8,-1
325,1,5
325,2,5
325,3,5
325,4,-1
325,5,5
325,6,5
325,7,-1
325,8,-1
325,9,-1
326,1,-1
326,2,-1
326,3,-1
326,4,-1
326,5,-1
326,6,-1
326,7,-1
327,1,5
327,2,5
327,3,-1
327,4,-1
327,5,5
327,6,-1
327,7,-1
327,8,-1
327,9,-1
327,10,-1
328,1,5
328,2,-1
328,3,5
328,4,5
328,5,5
328,6,5
328,7,5
329,1,0
329,2,0
329,3,-1
329,4,0
329,5,0
329,6,0
329,7,0
329,8,-1
329,9,0
329,10,0
329,11,-1
329,12,0
329,13,0
329,14,0
329,15,0
329,16,-1
329,17,0
329,18,0
329,19,0
329,20,-1
329,21,-1
329,22,5
329,23,-1
329,24,-1
329,25,0
330,1,5
330,2,5
330,3,5
330,4,5
330,5,5
330,6,5
330,7,5
331,1,-1
331,2,-1
331,3,-1
331,4,5
331,5,-1
331,6,5
331,7,-1
332,1,-1
332,2,-1
332,3,5
332,4,-1
332,5,-1
332,6,-1
332,7,-1
332,8,5
332,9,5
332,10,-1
332,11,-1
333,1,5
333,2,5
333,3,5
333,4,5
333,5,-1
333,6,-1
333,7,5
333,8,5
333,9,-1
334,1,5
334,2,5
334,3,5
334,4,5
334,5,-1
334,6,5
334,7,5
334,8,5
334,9,-1
335,1,5
335,2,-1
335,3,5
335,4,-1
335,5,5
335,6,-1
335,7,5
335,8,5
335,9,5
336,1,-1
336,2,-1
336,3,-1
336,4,-1
336,5,-1
336,6,-1
336,7,-1
337,1,5
337,2,5
337,3,-1
337,4,5
337,5,-1
337,6,-1
337,7,-1
338,1,5
338,2,-1
338,3,-1
338,4,5
338,5,5
338,6,5
338,7,5
338,8,5
338,9,5
339,1,-1
339,2,-1
339,3,-1
339,4,-1
339,5,-1
339,6,-1
339,7,-1
340,1,5
340,2,5
340,3,5
340,4,5
340,5,-1
340,6,3
340,7,5
340,8,-1
340,9,-1
341,1,5
341,2,5
341,3,5
341,4,-1
341,5,5
341,6,-1
341,7,2
342,1,5
342,2,-1
342,3,-1
342,4,-1
342,5,-1
342,6,5
342,7,-1
343,1,-1
343,2,-1
343,3,-1
343,4,-1
343,5,-1
343,6,-1
343,7,-1
343,8,-1
343,9,-1
344,1,-1
344,2,-1
344,3,-1
344,4,5
344,5,-1
344,6,5
344,7,-1
345,1,5
345,2,-1
345,3,5
345,4,5
345,5,5
345,6,5
345,7,5
346,1,-1
346,2,-1
346,3,-1
346,4,-1
346,5,-1
346,6,-1
346,7,-1
346,8,-1
346,9,-1
346,10,-1
346,11,5
346,12,5
347,1,5
347,2,-1
347,3,5
347,4,5
347,5,-1
347,6,5
347,7,-1
347,8,5
348,1,5
348,2,-1
348,3,5
348,4,-1
348,5,-1
348,6,-1
348,7,-1
349,1,-1
349,2,5
349,3,5
349,4,-1
349,5,-1
349,6,-1
349,7,5
350,1,-1
350,2,-1
350,3,-1
350,4,-1
350,5,-1
350,6,-1
350,7,-1
350,8,-1
350,9,5
351,1,-1
351,2,-1
351,3,-1
351,4,-1
351,5,-1
351,6,-1
351,7,-1
352,1,5
352,2,5
352,3,5
352,4,5
352,5,5
352,6,5
352,7,5
352,8,5
353,1,5
353,2,-1
353,3,-1
353,4,0
353,5,5
353,6,0
353,7,-1
354,1,5
354,2,-1
354,3,-1
354,4,-1
354,5,5
354,6,5
354,7,-1
354,8,-1
354,9,-1
355,1,5
355,2,-1
355,3,5
355,4,5
355,5,5
355,6,5
355,7,5
355,8,-1
355,9,-1
356,1,5
356,2,5
356,3,-1
356,4,5
356,5,5
356,6,-1
356,7,5
356,8,5
356,9,-1
357,1,-1
357,2,-1
357,3,-1
357,4,5
357,5,5
357,6,-1
357,7,-1
358,1,5
358,2,-1
358,3,-1
358,4,5
358,5,5
358,6,-1
358,7,5
358,8,5
358,9,-1
359,1,5
359,2,5
359,3,5
359,4,5
359,5,-1
359,6,5
359,7,-1
359,8,-1
359,9,5
360,1,-1
360,2,-1
360,3,-1
360,4,-1
360,5,-1
360,6,-1
360,7,5
361,1,-1
361,2,-1
361,3,-1
361,4,-1
361,5,-1
361,6,-1
361,7,-1
361,8,-1
361,9,-1
362,1,5
362,2,5
362,3,5
362,4,5
362,5,5
362,6,5
362,7,5
362,8,5
362,9,5
362,10,5
362,11,5
362,12,5
362,13,5
362,14,5
362,15,5
362,16,5
363,1,-1
363,2,5
363,3,-1
363,4,-1
363,5,-1
363,6,-1
363,7,5
363,8,-1
363,9,-1
364,1,-1
364,2,-1
364,3,-1
364,4,-1
364,5,-1
364,6,-1
364,7,-1
365,1,-1
365,2,-1
365,3,5
365,4,-1
365,5,-1
365,6,-1
365,7,-1
365,8,-1
365,9,5
366,1,5
366,2,-1
366,3,5
366,4,-1
366,5,5
366,6,-1
366,7,-1
367,1,-1
367,2,5
367,3,5
367,4,-1
367,5,-1
367,6,-1
367,7,5
367,8,5
367,9,5
367,10,5
367,11,5
368,1,-1
368,2,-1
368,3,-1
368,4,-1
368,5,5
368,6,-1
368,7,-1
368,8,-1
368,9,-1
369,1,-1
369,2,-1
369,3,-1
369,4,-1
369,5,-1
369,6,-1
369,7,-1
370,1,-1
370,2,-1
370,3,-1
370,4,-1
370,5,-1
370,6,-1
370,7,5
371,1,-1
371,2,-1
371,3,-1
371,4,-1
371,5,-1
371,6,-1
371,7,-1
371,8,5
372,1,-1
372,2,-1
372,3,5
372,4,5
372,5,-1
372,6,-1
372,7,-1
372,8,5
373,1,-1
373,2,5
373,3,-1
373,4,5
373,5,-1
373,6,-1
373,7,-1
373,8,5
373,9,5
373,10,5
373,11,5
373,12,-1
374,1,-1
374,2,-1
374,3,-1
374,4,-1
374,5,-1
374,6,-1
374,7,-1
374,8,-1
375,1,5
375,2,5
375,3,5
375,4,-1
375,5,5
375,6,5
375,7,5
375,8,-1
376,1,5
376,2,-1
376,3,5
376,4,-1
376,5,-1
376,6,-1
376,7,-1
377,1,-1
377,2,5
377,3,5
377,4,-1
377,5,5
377,6,-1
377,7,-1
378,1,2
378,2,2
378,3,2
378,4,2
378,5,2
378,6,-1
378,7,2
378,8,2
379,1,-1
379,2,5
379,3,-1
379,4,5
379,5,-1
379,6,-1
379,7,-1
379,8,-1
379,9,5
380,1,5
380,2,-1
380,3,-1
380,4,5
380,5,5
380,6,-1
380,7,-1
381,1,5
381,2,5
381,3,5
381,4,-1
381,5,-1
381,6,5
381,7,-1
381,8,5
381,9,5
381,10,-1
382,1,-1
382,2,-1
382,3,-1
382,4,5
382,5,-1
382,6,-1
382,7,-1
382,8,5
383,1,-1
383,2,-1
383,3,5
383,4,-1
383,5,5
383,6,-1
384,1,-1
384,2,-1
384,3,5
384,4,-1
384,5,-1
384,6,-1
384,7,5
385,1,5
385,2,5
385,3,5
385,4,5
385,5,-1
385,6,5
385,7,5
386,1,5
386,2,-1
386,3,-1
386,4,5
386,5,-1
386,6,5
386,7,-1
387,1,5
387,2,5
387,3,5
387,4,-1
387,5,5
387,6,-1
387,7,5
387,8,-1
387,9,5
388,1,5
388,2,-1
388,3,-1
388,4,-1
388,5,5
388,6,-1
388,7,-1
389,1,5
389,2,5
389,3,5
389,4,-1
389,5,5
389,6,5
389,7,5
389,8,5
389,9,5
390,1,-1
390,2,-1
390,3,-1
390,4,-1
390,5,-1
390,6,-1
390,7,-1
390,8,-1
390,9,-1
390,10,-1
390,11,-1
391,1,5
391,2,5
391,3,-1
391,4,2
391,5,5
391,6,-1
391,7,5
392,1,-1
392,2,-1
392,3,-1
392,4,-1
392,5,-1
392,6,-1
392,7,-1
393,1,-1
393,2,-1
393,3,5
393,4,5
393,5,5
393,6,-1
393,7,-1
393,8,-1
393,9,-1
394,1,-1
394,2,5
394,3,5
394,4,5
394,5,-1
394,6,-1
394,7,5
394,8,5
395,1,5
395,2,5
395,3,5
395,4,5
395,5,5
395,6,5
395,7,-1
395,8,5
396,1,5
396,2,-1
396,3,-1
396,4,5
396,5,-1
396,6,5
397,1,-1
397,2,-1
397,3,-1
397,4,-1
397,5,-1
397,6,-1
397,7,5
397,8,-1
397,9,-1
397,10,-1
397,11,-1
397,12,-1
398,1,-1
398,2,-1
398,3,-1
398,4,-1
398,5,-1
398,6,-1
398,7,-1
398,8,-1
398,9,-1
399,1,-1
399,2,-1
399,3,-1
399,4,-1
399,5,5
399,6,-1
399,7,-1
400,1,5
400,2,5
400,3,5
400,4,5
400,5,-1
400,6,-1
400,7,5
400,8,5
400,9,5
400,10,-1
401,1,5
401,2,5
401,3,5
401,4,5
401,5,5
401,6,5
401,7,5
401,8,5
402,1,5
402,2,5
402,3,5
402,4,5
402,5,5
402,6,5
402,7,-1
402,8,5
403,1,5
403,2,5
403,3,-1
403,4,5
403,5,-1
403,6,5
403,7,-1
404,1,-1
404,2,-1
404,3,-1
404,4,-1
404,5,-1
404,6,5
404,7,5
405,1,-1
405,2,-1
405,3,-1
405,4,-1
405,5,-1
405,6,-1
405,7,-1
405,8,-1
406,1,-1
406,2,-1
406,3,-1
406,4,-1
406,5,-1
406,6,-1
406,7,-1
407,1,-1
407,2,-1
407,3,-1
407,4,5
407,5,-1
407,6,-1
407,7,-1
407,8,-1
408,1,5
408,2,5
408,3,5
408,4,5
408,5,-1
408,6,-1
408,7,5
408,8,5
408,9,-1
408,10,-1
408,11,-1
409,1,5
409,2,5
409,3,5
409,4,5
409,5,5
409,6,5
409,7,5
410,1,-1
410,2,-1
410,3,-1
410,4,-1
410,5,-1
410,6,-1
410,7,-1
410,8,-1
410,9,-1
411,1,5
411,2,5
411,3,-1
411,4,-1
411,5,-1
411,6,-1
411,7,5
411,8,5
412,1,5
412,2,5
412,3,5
412,4,5
412,5,5
412,6,5
412,7,5
412,8,5
413,1,-1
413,2,-1
413,3,-1
413,4,-1
413,5,-1
413,6,-1
413,7,-1
413,8,-1
413,9,-1
414,1,5
414,2,5
414,3,-1
414,4,-1
414,5,5
414,6,5
414,7,5
415,1,-1
415,2,-1
415,3,-1
415,4,-1
415,5,-1
415,6,-1
415,7,-1
415,8,-1
415,9,-1
415,10,-1
415,11,-1
416,1,5
416,2,-1
416,3,-1
416,4,-1
416,5,-1
416,6,-1
416,7,-1
417,1,-1
417,2,-1
417,3,-1
417,4,-1
417,5,-1
417,6,-1
417,7,-1
418,1,5
418,2,-1
418,3,-1
418,4,-1
418,5,-1
418,6,-1
418,7,-1
419,1,-1
419,2,5
419,3,-1
419,4,-1
419,5,-1
419,6,5
419,7,-1
419,8,-1
419,9,5
419,10,-1
419,11,-1
420,1,-1
420,2,-1
420,3,-1
420,4,-1
420,5,-1
420,6,-1
420,7,-1
421,1,5
421,2,5
421,3,5
421,4,-1
421,5,-1
421,6,-1
421,7,5
421,8,-1
421,9,-1
421,10,5
421,11,-1
421,12,-1
422,1,-1
422,2,-1
422,3,-1
422,4,5
422,5,5
422,6,5
422,7,-1
423,1,-1
423,2,-1
423,3,-1
423,4,-1
423,5,-1
423,6,-1
423,7,-1
423,8,-1
423,9,-1
424,1,5
424,2,5
424,3,-1
424,4,5
424,5,-1
425,1,-1
425,2,-1
425,3,5
425,4,5
425,5,5
425,6,5
425,7,-1
425,8,-1
425,9,-1
425,10,5
426,1,5
426,2,5
426,3,5
426,4,-1
426,5,-1
426,6,-1
427,1,5
427,2,5
427,3,5
427,4,5
427,5,5
427,6,5
427,7,5
427,8,5
427,9,5
428,1,-1
428,2,-1
428,3,-1
428,4,-1
428,5,-1
428,6,-1
428,7,-1
428,8,-1
428,9,-1
428,10,-1
429,1,-1
429,2,5
429,3,5
429,4,-1
429,5,5
429,6,3
429,7,-1
429,8,-1
429,9,5
429,10,5
429,11,-1
429,12,5
430,1,5
430,2,5
430,3,-1
430,4,5
430,5,-1
430,6,5
430,7,5
430,8,-1
430,9,-1
431,1,-1
431,2,-1
431,3,-1
431,4,-1
431,5,-1
431,6,-1
431,7,-1
431,8,-1
431,9,-1
432,1,-1
432,2,5
432,3,5
432,4,5
432,5,5
432,6,5
433,1,5
433,2,5
433,3,5
433,4,5
433,5,-1
433,6,5
433,7,-1
433,8,5
433,9,5
433,10,5
433,11,-1
433,12,5
433,13,5
434,1,5
434,2,5
434,3,-1
434,4,-1
434,5,5
434,6,5
434,7,-1
434,8,-1
435,1,5
435,2,-1
435,3,-1
435,4,5
435,5,5
435,6,-1
435,7,-1
436,1,5
436,2,5
436,3,-1
436,4,-1
436,5,-1
436,6,-1
436,7,-1
436,8,-1
437,1,5
437,2,5
437,3,5
437,4,5
437,5,-1
437,6,5
437,7,5
437,8,5
437,9,5
438,1,-1
438,2,5
438,3,-1
438,4,-1
438,5,5
438,6,5
438,7,5
438,8,5
439,1,-1
439,2,5
439,3,-1
439,4,5
439,5,-1
439,6,5
439,7,-1
439,8,-1
439,9,-1
439,10,-1
440,1,5
440,2,5
440,3,5
440,4,-1
440,5,-1
440,6,-1
440,7,5
440,8,-1
441,1,-1
441,2,-1
441,3,-1
441,4,-1
441,5,-1
441,6,-1
442,1,5
442,2,5
442,3,5
442,4,5
442,5,5
442,6,-1
442,7,5
442,8,-1
443,1,5
443,2,-1
443,3,-1
443,4,-1
443,5,-1
443,6,5
443,7,5
444,1,-1
444,2,5
444,3,5
444,4,5
444,5,5
444,6,-1
444,7,5
444,8,5
445,1,2
445,2,-1
445,3,2
445,4,-1
445,5,-1
445,6,-1
445,7,-1
445,8,-1
445,9,-1
445,10,2
446,1,-1
446,2,5
446,3,-1
446,4,-1
446,5,5
446,6,5
446,7,5
446,8,5
446,9,5
447,1,-1
447,2,-1
447,3,-1
447,4,-1
447,5,-1
447,6,-1
447,7,-1
448,1,-1
448,2,-1
448,3,-1
448,4,-1
448,5,-1
448,6,-1
448,7,-1
448,8,-1
449,1,-1
449,2,-1
449,3,-1
449,4,-1
449,5,-1
449,6,-1
449,7,-1
450,1,-1
450,2,-1
450,3,5
450,4,-1
450,5,-1
450,6,5
450,7,3
450,8,-1
450,9,-1
450,10,-1
450,11,5
451,1,3
451,2,3
451,3,3
451,4,3
451,5,-1
451,6,-1
451,7,3
451,8,-1
451,9,3
452,1,-1
452,2,5
452,3,5
452,4,5
452,5,-1
452,6,-1
452,7,5
452,8,5
452,9,-1
452,10,5
452,11,5
452,12,-1
452,13,5
452,14,5
453,1,-1
453,2,-1
453,3,-1
453,4,-1
453,5,-1
454,1,-1
454,2,5
454,3,-1
454,4,5
454,5,5
454,6,-1
454,7,5
454,8,5
454,9,-1
454,10,-1
454,11,-1
454,12,-1
454,13,5
454,14,5
455,1,5
455,2,-1
455,3,5
455,4,-1
455,5,-1
455,6,-1
455,7,5
455,8,5
455,9,5
456,1,-1
456,2,-1
456,3,-1
456,4,-1
456,5,-1
456,6,5
456,7,5
457,1,5
457,2,5
457,3,-1
457,4,-1
457,5,5
457,6,-1
457,7,5
457,8,-1
457,9,5
457,10,5
458,1,-1
458,2,-1
458,3,-1
458,4,-1
458,5,-1
458,6,-1
458,7,-1
458,8,-1
459,1,5
459,2,5
459,3,5
459,4,5
459,5,5
459,6,5
459,7,5
459,8,5
460,1,-1
460,2,-1
460,3,-1
460,4,-1
460,5,-1
460,6,-1
460,7,-1
460,8,6
460,9,5
460,10,-1
460,11,-1
460,12,-1
460,13,-1
460,14,-1
461,1,-1
461,2,5
461,3,-1
461,4,5
461,5,-1
461,6,-1
461,7,-1
461,8,5
461,9,5
462,1,5
462,2,5
462,3,5
462,4,5
462,5,5
462,6,5
462,7,5
462,8,5
462,9,5
463,1,5
463,2,5
463,3,5
463,4,5
463,5,5
463,6,5
463,7,5
463,8,5
463,9,5
463,10,5
463,11,5
463,12,5
464,1,-1
464,2,5
464,3,5
464,4,-1
464,5,-1
464,6,-1
464,7,-1
465,1,-1
465,2,-1
465,3,-1
465,4,-1
465,5,-1
465,6,-1
465,7,-1
466,1,-1
466,2,-1
466,3,-1
466,4,-1
466,5,-1
466,6,-1
466,7,-1
467,1,-1
467,2,-1
467,3,-1
467,4,-1
467,5,-1
467,6,-1
467,7,-1
467,8,-1
468,1,-1
468,2,-1
468,3,-1
468,4,5
468,5,-1
468,6,-1
468,7,5
468,8,5
468,9,-1
469,1,-1
469,2,5
469,3,5
469,4,-1
469,5,-1
469,6,5
469,7,5
469,8,-1
469,9,5
469,10,-1
470,1,-1
470,2,-1
470,3,-1
470,4,-1
470,5,-1
470,6,-1
470,7,-1
470,8,-1
470,9,-1
471,1,-1
471,2,5
471,3,-1
471,4,5
471,5,5
471,6,5
471,7,-1
471,8,5
471,9,5
471,10,-1
471,11,5
472,1,-1
472,2,-1
472,3,-1
472,4,5
472,5,-1
472,6,-1
472,7,-1
472,8,-1
472,9,-1
472,10,-1
473,1,5
473,2,5
473,3,-1
473,4,-1
473,5,-1
473,6,-1
473,7,-1
473,8,-1
473,9,-1
473,10,-1
473,11,-1
473,12,5
473,13,5
474,1,5
474,2,5
474,3,5
474,4,5
474,5,-1
474,6,5
474,7,-1
474,8,-1
474,9,5
475,1,-1
475,2,5
475,3,5
475,4,-1
475,5,5
475,6,-1
475,7,5
476,1,5
476,2,5
476,3,5
476,4,5
476,5,-1
476,6,5
476,7,5
477,1,-1
477,2,3
477,3,3
477,4,3
477,5,-1
477,6,-1
477,7,-1
477,8,3
477,9,3
478,1,-1
478,2,5
478,3,5
478,4,5
478,5,5
478,6,-1
479,1,5
479,2,5
479,3,5
479,4,-1
479,5,-1
479,6,-1
480,1,5
480,2,-1
480,3,-1
480,4,-1
480,5,-1
480,6,-1
480,7,-1
481,1,-1
481,2,-1
481,3,-1
481,4,-1
481,5,-1
481,6,-1
481,7,-1
481,8,-1
482,1,-1
482,2,-1
482,3,-1
482,4,-1
482,5,-1
482,6,-1
482,7,-1
482,8,-1
483,1,5
483,2,5
483,3,5
483,4,5
483,5,5
483,6,5
483,7,5
483,8,5
483,9,5
483,10,5
483,11,5
484,1,-1
484,2,5
484,3,-1
484,4,5
484,5,5
484,6,5
484,7,5
484,8,5
484,9,5
484,10,5
484,11,5
484,12,5
485,1,-1
485,2,5
485,3,5
485,4,-1
485,5,-1
485,6,-1
485,7,-1
485,8,-1
486,1,-1
486,2,-1
486,3,-1
486,4,-1
486,5,-1
486,6,-1
486,7,-1
486,8,-1
486,9,-1
487,1,-1
487,2,-1
487,3,-1
487,4,-1
487,5,-1
487,6,-1
487,7,-1
487,8,-1
487,9,-1
487,10,-1
488,1,-1
488,2,-1
488,3,-1
488,4,-1
488,5,5
488,6,-1
488,7,-1
488,8,5
488,9,-1
489,1,-1
489,2,-1
489,3,-1
489,4,-1
489,5,-1
489,6,-1
489,7,-1
489,8,-1
489,9,-1
489,10,-1
489,11,-1
489,12,-1
489,13,-1
489,14,-1
490,1,5
490,2,5
490,3,-1
490,4,5
490,5,5
490,6,-1
490,7,5
490,8,5
490,9,-1
490,10,5
491,1,5
491,2,5
491,3,5
491,4,5
491,5,-1
491,6,5
491,7,5
491,8,5
491,9,5
491,10,-1
492,1,-1
492,2,-1
492,3,-1
492,4,-1
492,5,-1
492,6,-1
492,7,-1
492,8,-1
492,9,-1
492,10,-1
492,11,-1
493,1,-1
493,2,-1
493,3,-1
493,4,-1
493,5,4
493,6,-1
493,7,-1
493,8,-1
493,9,5
493,10,5
493,11,-1
493,12,4
494,1,-1
494,2,-1
494,3,-1
494,4,5
494,5,-1
494,6,5
494,7,5
494,8,5
495,1,5
495,2,5
495,3,5
495,4,5
495,5,5
495,6,5
495,7,5
495,8,-1
