poem_id,beyt_id,subcluster
1,6,-1
4,1,1
4,2,1
4,3,1
4,4,-1
4,5,1
4,6,1
4,7,1
5,2,-1
5,3,-1
5,5,-1
5,6,-1
5,13,-1
7,2,4
7,4,-1
7,5,-1
7,6,-1
7,7,4
8,9,-1
9,3,-1
9,4,-1
9,8,-1
10,4,2
10,5,3
10,6,-1
11,4,-1
12,1,-1
12,2,-1
12,4,-1
12,5,-1
12,6,-1
12,7,-1
12,8,-1
12,10,-1
12,11,-1
12,12,-1
12,13,-1
13,1,-1
13,8,-1
15,1,-1
15,4,-1
15,6,6
15,8,-1
16,1,-1
16,2,-1
16,3,-1
16,8,-1
16,9,-1
16,10,-1
16,11,-1
17,7,-1
19,2,4
19,3,-1
19,4,4
19,6,-1
19,7,3
19,9,-1
23,1,-1
23,2,3
23,3,3
23,4,6
23,6,3
24,2,-1
24,5,-1
24,6,-1
24,7,-1
25,4,-1
25,9,-1
26,4,-1
26,5,-1
26,6,-1
27,2,-1
27,3,-1
27,4,-1
27,5,1
28,2,-1
28,5,-1
28,7,-1
29,4,-1
29,7,-1
31,3,-1
31,5,3
31,6,-1
31,8,-1
34,1,3
34,2,-1
34,5,-1
34,6,-1
34,7,-1
34,8,-1
35,6,-1
36,1,2
36,2,-1
36,3,2
36,4,2
36,5,2
36,6,3
36,7,2
36,9,2
37,1,-1
37,2,-1
37,3,-1
37,4,-1
37,5,-1
37,6,-1
37,7,-1
37,8,-1
37,9,-1
37,10,-1
38,1,-1
38,2,-1
38,3,-1
38,7,-1
40,1,-1
40,3,-1
40,4,-1
40,5,-1
40,6,3
40,7,3
40,8,3
40,9,4
41,2,-1
41,5,-1
41,7,-1
42,1,-1
42,3,-1
42,4,-1
42,5,-1
42,6,-1
45,1,-1
45,2,-1
45,5,-1
47,6,-1
48,5,-1
48,7,4
49,1,-1
49,2,-1
49,7,-1
49,8,-1
49,13,-1
50,1,2
50,7,-1
51,1,-1
51,3,-1
52,2,-1
52,8,3
53,3,-1
53,4,-1
53,6,-1
54,1,-1
54,2,-1
54,5,-1
54,7,-1
54,8,6
55,1,3
55,2,3
55,3,3
55,4,3
55,7,-1
56,1,3
56,2,-1
56,5,-1
56,6,3
56,7,-1
56,9,-1
56,10,-1
57,1,-1
57,2,3
57,3,-1
57,6,1
58,1,3
58,2,-1
58,5,3
58,6,3
58,8,3
59,1,-1
59,2,-1
59,4,-1
59,6,-1
59,7,-1
60,1,-1
60,2,-1
60,7,-1
61,1,-1
61,2,-1
61,4,6
61,6,-1
61,7,-1
62,3,-1
62,7,-1
63,1,-1
63,2,-1
63,5,-1
64,2,5
64,6,5
65,1,-1
65,2,-1
65,4,-1
65,5,-1
65,6,-1
65,8,-1
66,1,-1
66,4,-1
66,5,-1
66,6,5
66,8,-1
66,9,-1
67,1,5
67,2,5
67,3,5
67,4,5
67,5,5
67,6,5
67,7,5
68,1,-1
68,2,-1
68,7,-1
69,1,-1
69,3,3
69,4,-1
69,7,-1
69,8,0
69,9,-1
69,10,-1
70,1,3
70,8,3
71,4,-1
71,5,4
71,6,-1
71,7,-1
71,8,-1
74,2,-1
74,8,-1
75,1,-1
75,2,-1
75,3,-1
75,4,-1
75,6,-1
76,1,-1
76,2,-1
76,3,-1
76,5,-1
76,6,-1
76,8,-1
76,9,-1
78,2,-1
79,1,-1
79,7,-1
81,1,-1
81,2,-1
81,3,4
81,4,-1
81,6,-1
81,7,4
82,4,-1
82,5,-1
82,6,-1
84,4,-1
85,1,6
85,2,6
89,1,0
89,2,-1
89,4,-1
89,5,-1
89,6,-1
89,8,-1
89,9,2
91,1,-1
91,2,-1
91,3,-1
91,5,-1
92,1,-1
92,2,-1
92,3,-1
92,6,-1
93,5,-1
94,1,-1
94,2,-1
94,3,-1
94,4,-1
94,6,4
94,7,4
94,8,3
94,9,4
94,10,-1
95,1,3
95,2,-1
95,4,3
96,1,-1
96,2,-1
96,3,-1
96,4,-1
96,5,-1
97,1,3
97,2,3
97,3,-1
97,4,3
97,5,-1
97,7,3
97,8,3
98,1,-1
98,3,-1
98,5,-1
98,7,-1
98,8,-1
99,3,-1
99,5,-1
99,8,-1
99,9,-1
101,2,-1
101,3,-1
101,4,-1
102,3,-1
103,1,-1
104,1,3
104,2,3
104,4,3
104,5,3
104,7,3
104,8,3
105,2,3
105,3,-1
105,4,-1
105,5,1
105,6,3
105,7,3
105,8,-1
107,1,-1
107,2,-1
107,3,-1
107,4,-1
107,5,-1
107,6,-1
107,7,-1
107,9,3
108,4,3
109,1,-1
109,2,-1
109,3,-1
109,5,-1
109,6,-1
110,1,-1
114,4,-1
116,1,3
116,2,3
116,3,-1
116,4,3
116,6,-1
116,8,-1
117,2,-1
117,5,-1
117,8,-1
118,6,-1
118,7,-1
118,8,-1
119,2,-1
119,3,-1
119,5,-1
119,6,4
119,7,2
119,8,-1
120,1,1
120,2,-1
120,3,-1
120,4,-1
120,7,-1
120,8,1
120,9,1
120,10,1
120,11,-1
120,12,1
121,1,3
121,2,3
121,3,-1
121,4,3
121,5,-1
121,6,3
121,7,-1
121,8,3
121,9,3
122,1,-1
122,2,-1
122,4,-1
122,5,-1
124,1,-1
124,2,-1
124,4,-1
124,5,-1
124,7,-1
124,8,-1
124,9,-1
125,1,5
125,2,5
125,3,-1
125,4,5
125,5,-1
125,7,-1
125,8,-1
125,9,-1
125,10,-1
126,2,3
126,3,4
126,4,-1
126,5,-1
126,6,-1
126,7,-1
126,8,4
127,1,3
127,3,3
127,4,-1
127,5,-1
128,4,-1
128,6,-1
128,7,-1
130,3,-1
130,4,4
130,5,-1
130,10,-1
133,1,5
133,2,5
133,5,-1
133,6,-1
133,7,-1
133,8,-1
136,1,-1
136,2,-1
136,3,-1
136,4,-1
136,5,-1
136,6,-1
136,7,-1
136,8,-1
136,9,-1
136,10,-1
137,1,-1
137,3,-1
137,6,-1
137,7,-1
137,8,-1
138,1,-1
138,4,-1
138,7,-1
139,1,-1
139,4,1
139,5,1
139,6,-1
139,7,-1
140,4,-1
140,5,-1
140,6,1
142,1,-1
143,3,-1
143,8,-1
143,10,2
144,9,-1
145,2,-1
145,3,-1
145,4,-1
145,5,0
146,3,-1
146,7,-1
147,1,0
147,6,-1
148,2,-1
148,4,-1
153,7,3
153,8,3
154,1,-1
154,7,-1
154,8,-1
155,3,-1
155,4,-1
155,5,-1
156,2,-1
156,4,-1
157,1,-1
157,2,-1
157,3,-1
157,4,-1
157,5,-1
157,6,2
157,7,1
158,1,-1
158,2,-1
158,5,-1
159,1,5
159,2,5
159,3,-1
159,6,-1
160,6,-1
161,4,-1
162,1,-1
162,2,-1
162,3,-1
162,4,-1
162,5,-1
162,7,-1
162,8,-1
162,10,-1
163,4,-1
164,5,-1
164,6,-1
167,2,-1
167,3,-1
167,6,-1
167,8,-1
168,1,6
168,3,-1
168,4,-1
168,5,6
168,6,6
168,7,-1
168,8,6
168,9,-1
170,5,3
170,8,-1
171,7,-1
174,1,-1
174,4,-1
174,7,-1
176,5,-1
177,1,5
177,2,-1
177,3,-1
177,4,5
177,7,5
177,8,5
177,10,-1
178,2,-1
178,5,-1
178,6,-1
178,8,-1
178,9,-1
178,11,2
179,8,-1
180,1,-1
180,2,-1
180,6,-1
180,7,-1
181,1,-1
181,2,-1
181,4,6
181,5,-1
181,6,6
181,7,-1
182,1,-1
182,2,6
182,3,-1
182,4,-1
182,7,-1
182,8,-1
182,9,-1
186,1,-1
186,2,-1
186,3,-1
186,4,-1
186,6,-1
186,7,-1
187,2,0
187,7,0
188,2,-1
188,6,-1
189,1,0
189,4,-1
189,8,0
189,9,0
190,1,-1
190,2,-1
190,4,-1
190,8,6
191,1,0
191,3,0
191,4,0
191,5,-1
191,6,-1
191,7,0
191,8,0
191,9,0
192,1,1
192,2,1
192,3,2
192,4,1
192,6,-1
192,7,-1
192,8,-1
192,9,-1
194,1,-1
194,2,-1
194,3,-1
194,4,-1
194,5,-1
194,6,-1
194,7,-1
194,8,-1
196,1,4
196,2,4
196,3,4
196,4,4
196,5,4
196,6,4
196,7,-1
196,8,-1
196,10,4
196,11,4
196,12,-1
197,3,-1
197,4,-1
197,5,-1
197,8,-1
199,1,5
199,2,5
200,3,-1
200,4,-1
200,5,-1
200,7,-1
200,8,-1
200,9,-1
200,10,5
201,2,-1
201,3,-1
201,7,5
202,7,-1
203,4,-1
203,7,-1
207,9,-1
209,1,-1
209,2,-1
209,5,1
209,6,-1
209,7,-1
209,8,-1
210,1,-1
210,2,-1
210,3,-1
210,4,-1
210,5,-1
210,6,-1
211,1,-1
211,2,3
211,3,3
213,1,-1
213,2,-1
213,3,-1
213,6,-1
213,7,-1
213,8,-1
214,3,-1
216,1,-1
216,4,-1
216,8,-1
218,1,-1
218,2,-1
218,3,-1
218,4,4
218,7,-1
218,8,-1
218,9,-1
219,2,-1
219,3,-1
219,5,-1
219,7,-1
219,9,-1
219,10,-1
221,1,-1
221,2,-1
221,4,-1
222,3,-1
222,6,-1
223,1,-1
223,2,-1
223,3,-1
223,4,-1
223,5,-1
223,6,-1
224,1,-1
224,2,-1
224,3,-1
224,4,-1
225,6,-1
226,1,-1
230,5,-1
230,6,-1
230,8,3
231,1,0
231,2,0
231,3,0
231,4,0
231,6,0
231,7,0
232,1,-1
232,4,-1
232,5,-1
232,7,-1
233,3,-1
234,3,-1
234,5,-1
234,7,2
235,1,0
235,2,0
235,4,0
235,5,0
235,7,0
236,1,-1
236,2,-1
236,3,0
236,4,0
236,5,0
236,6,0
236,7,-1
236,8,0
237,1,6
237,2,6
237,3,6
237,4,6
237,5,6
237,6,-1
237,7,-1
237,8,-1
237,9,6
238,1,-1
238,3,3
238,4,-1
238,5,3
238,9,-1
239,1,-1
239,2,-1
239,4,-1
239,8,-1
243,2,-1
243,4,4
243,5,4
245,1,-1
245,2,4
245,3,-1
245,5,4
245,6,-1
245,7,4
245,9,-1
245,10,4
245,12,-1
246,3,-1
246,5,-1
246,7,-1
246,8,-1
246,10,-1
247,1,-1
248,1,-1
248,4,-1
248,7,-1
249,1,-1
249,2,-1
249,3,-1
249,5,-1
249,7,-1
249,9,-1
250,8,-1
251,2,-1
251,3,-1
251,4,-1
251,5,-1
251,6,-1
253,2,-1
253,3,-1
253,4,-1
253,6,-1
253,7,-1
253,8,-1
255,4,-1
255,6,-1
255,7,-1
255,8,-1
256,1,-1
256,2,-1
256,4,-1
256,5,-1
256,6,-1
256,9,-1
256,10,-1
256,11,-1
257,5,-1
257,6,-1
258,1,-1
258,2,-1
258,4,-1
258,7,-1
258,8,-1
259,2,-1
259,3,-1
260,1,-1
260,2,3
260,3,3
260,4,3
260,7,-1
261,1,-1
261,3,-1
261,4,0
261,5,0
261,6,0
262,1,4
262,3,-1
262,4,-1
262,5,4
262,6,-1
263,1,-1
263,6,-1
263,8,-1
264,1,-1
264,2,-1
264,3,-1
264,6,-1
265,1,-1
265,2,-1
265,5,-1
265,6,-1
265,8,-1
266,2,-1
266,3,-1
266,5,-1
266,6,-1
266,7,-1
266,8,-1
267,3,-1
267,7,-1
267,9,-1
270,1,-1
270,3,-1
270,6,-1
271,1,-1
271,6,-1
271,7,4
271,8,4
272,1,0
272,5,6
272,6,-1
273,1,-1
273,4,-1
273,5,-1
273,7,-1
273,9,-1
274,1,-1
274,2,-1
274,3,-1
274,4,-1
274,6,-1
274,7,-1
275,5,-1
275,6,-1
275,7,-1
276,1,0
276,2,-1
276,5,0
276,6,0
276,8,-1
277,1,-1
277,5,-1
278,7,3
280,1,2
280,2,-1
280,3,-1
280,4,2
280,5,-1
280,6,3
280,7,2
282,1,-1
282,2,-1
282,3,-1
282,4,-1
282,5,-1
282,6,2
282,7,-1
283,6,-1
283,7,-1
285,6,-1
285,9,-1
286,4,-1
287,1,3
287,2,3
287,3,3
287,4,-1
287,5,-1
287,6,3
287,7,-1
288,1,-1
288,2,-1
288,5,-1
288,7,-1
289,1,-1
289,3,-1
289,4,-1
289,5,-1
289,6,-1
289,7,-1
289,8,-1
294,1,-1
294,2,-1
294,3,-1
294,4,-1
294,5,2
294,6,-1
294,8,-1
294,9,-1
294,10,-1
294,11,-1
295,3,-1
295,4,-1
295,6,-1
295,7,-1
296,1,4
296,3,-1
296,4,-1
296,8,-1
298,1,-1
298,4,-1
300,2,-1
300,3,6
300,4,-1
300,6,-1
302,9,1
303,1,-1
303,2,-1
303,4,3
303,6,3
303,7,-1
305,1,-1
305,2,-1
305,3,-1
305,6,3
306,1,6
306,2,-1
306,3,6
306,4,6
306,5,6
306,6,6
306,9,-1
307,1,-1
307,2,-1
307,4,-1
307,5,-1
307,6,-1
308,1,-1
308,3,-1
308,4,-1
308,5,-1
308,6,-1
308,7,-1
308,8,-1
309,3,-1
310,2,-1
310,8,-1
313,9,-1
314,1,-1
314,2,-1
314,3,-1
314,5,-1
314,6,-1
314,7,-1
315,1,-1
315,2,1
315,3,-1
315,5,-1
315,6,1
315,7,1
316,5,-1
316,6,-1
316,8,-1
316,9,-1
317,1,-1
317,6,-1
317,7,-1
317,8,-1
317,9,-1
318,1,1
318,2,1
318,3,1
318,4,-1
318,5,1
318,6,1
318,7,-1
319,2,-1
319,3,3
320,6,-1
321,8,-1
322,1,3
322,2,6
322,4,6
322,5,-1
322,6,-1
322,7,-1
322,8,-1
323,1,-1
323,2,6
323,3,-1
323,4,-1
323,5,-1
323,6,-1
323,7,-1
324,6,-1
324,7,-1
325,1,6
325,2,6
325,3,-1
325,5,-1
325,6,-1
327,1,-1
327,2,-1
327,5,3
328,1,3
328,3,-1
328,4,-1
328,5,-1
328,6,-1
328,7,-1
329,22,-1
330,1,-1
330,2,2
330,3,2
330,4,-1
330,5,2
330,6,2
330,7,2
331,4,-1
331,6,-1
332,3,-1
332,8,-1
332,9,-1
333,1,-1
333,2,-1
333,3,0
333,4,-1
333,7,0
333,8,-1
334,1,6
334,2,6
334,3,-1
334,4,-1
334,6,3
334,7,-1
334,8,6
335,1,-1
335,3,-1
335,5,-1
335,7,-1
335,8,-1
335,9,-1
337,1,0
337,2,0
337,4,0
338,1,3
338,4,-1
338,5,-1
338,6,3
338,7,3
338,8,3
338,9,-1
340,1,-1
340,2,-1
340,3,2
340,4,-1
340,7,5
341,1,-1
341,2,-1
341,3,-1
341,5,5
342,1,-1
342,6,-1
344,4,3
344,6,-1
345,1,-1
345,3,-1
345,4,-1
345,5,-1
345,6,-1
345,7,-1
346,11,1
346,12,-1
347,1,-1
347,3,-1
347,4,-1
347,6,-1
347,8,-1
348,1,-1
348,3,-1
349,2,-1
349,3,-1
349,7,-1
350,9,4
352,1,5
352,2,5
352,3,5
352,4,-1
352,5,-1
352,6,-1
352,7,5
352,8,5
353,1,-1
353,5,-1
354,1,3
354,5,3
354,6,3
355,1,-1
355,3,-1
355,4,-1
355,5,-1
355,6,-1
355,7,-1
356,1,-1
356,2,5
356,4,-1
356,5,4
356,7,-1
356,8,-1
357,4,-1
357,5,3
358,1,4
358,4,-1
358,5,-1
358,7,4
358,8,-1
359,1,-1
359,2,-1
359,3,-1
359,4,-1
359,6,-1
359,9,-1
360,7,-1
362,1,-1
362,2,-1
362,3,-1
362,4,-1
362,5,-1
362,6,-1
362,7,-1
362,8,-1
362,9,-1
362,10,-1
362,11,-1
362,12,-1
362,13,-1
362,14,-1
362,15,-1
362,16,-1
363,2,3
363,7,-1
365,3,-1
365,9,2
366,1,-1
366,3,3
366,5,-1
367,2,4
367,3,-1
367,7,-1
367,8,4
367,9,-1
367,10,-1
367,11,-1
368,5,-1
370,7,-1
371,8,3
372,3,-1
372,4,4
372,8,4
373,2,-1
373,4,-1
373,8,-1
373,9,-1
373,10,-1
373,11,-1
375,1,-1
375,2,-1
375,3,-1
375,5,4
375,6,4
375,7,3
376,1,-1
376,3,-1
377,2,-1
377,3,0
377,5,-1
379,2,-1
379,4,4
379,9,-1
380,1,-1
380,4,-1
380,5,-1
381,1,5
381,2,5
381,3,5
381,6,-1
381,8,-1
381,9,5
382,4,-1
382,8,-1
383,3,-1
383,5,6
384,3,-1
384,7,-1
385,1,0
385,2,0
385,3,0
385,4,0
385,6,0
385,7,-1
386,1,-1
386,4,-1
386,6,-1
387,1,3
387,2,-1
387,3,-1
387,5,-1
387,7,-1
387,9,-1
388,1,-1
388,5,3
389,1,-1
389,2,-1
389,3,2
389,5,-1
389,6,2
389,7,2
389,8,2
389,9,2
391,1,-1
391,2,-1
391,5,-1
391,7,-1
393,3,-1
393,4,-1
393,5,-1
394,2,3
394,3,3
394,4,3
394,7,3
394,8,3
395,1,-1
395,2,-1
395,3,1
395,4,1
395,5,1
395,6,1
395,8,1
396,1,-1
396,4,-1
396,6,-1
397,7,-1
399,5,1
400,1,-1
400,2,-1
400,3,2
400,4,-1
400,7,-1
400,8,2
400,9,-1
401,1,1
401,2,-1
401,3,1
401,4,1
401,5,1
401,6,1
401,7,1
401,8,1
402,1,-1
402,2,-1
402,3,-1
402,4,-1
402,5,-1
402,6,-1
402,8,-1
403,1,5
403,2,5
403,4,-1
403,6,2
404,6,3
404,7,-1
407,4,-1
408,1,3
408,2,3
408,3,-1
408,4,3
408,7,3
408,8,3
409,1,3
409,2,3
409,3,3
409,4,3
409,5,3
409,6,-1
409,7,-1
411,1,3
411,2,-1
411,7,3
411,8,3
412,1,-1
412,2,3
412,3,-1
412,4,-1
412,5,3
412,6,3
412,7,3
412,8,-1
414,1,3
414,2,-1
414,5,-1
414,6,-1
414,7,-1
416,1,-1
418,1,-1
419,2,-1
419,6,3
419,9,-1
421,1,-1
421,2,-1
421,3,-1
421,7,-1
421,10,-1
422,4,-1
422,5,-1
422,6,-1
424,1,-1
424,2,-1
424,4,-1
425,3,3
425,4,3
425,5,3
425,6,-1
425,10,3
426,1,-1
426,2,-1
426,3,-1
427,1,-1
427,2,3
427,3,3
427,4,3
427,5,3
427,6,-1
427,7,-1
427,8,3
427,9,-1
429,2,-1
429,3,-1
429,5,-1
429,9,-1
429,10,-1
429,12,-1
430,1,-1
430,2,-1
430,4,-1
430,6,-1
430,7,-1
432,2,4
432,3,-1
432,4,5
432,5,5
432,6,5
433,1,-1
433,2,3
433,3,3
433,4,3
433,6,3
433,8,3
433,9,-1
433,10,-1
433,12,-1
433,13,-1
434,1,-1
434,2,-1
434,5,-1
434,6,-1
435,1,-1
435,4,-1
435,5,-1
436,1,-1
436,2,-1
437,1,3
437,2,-1
437,3,-1
437,4,3
437,6,-1
437,7,4
437,8,4
437,9,-1
438,2,6
438,5,-1
438,6,-1
438,7,-1
438,8,2
439,2,0
439,4,-1
439,6,-1
440,1,-1
440,2,-1
440,3,4
440,7,-1
442,1,2
442,2,-1
442,3,-1
442,4,2
442,5,2
442,7,2
443,1,3
443,6,-1
443,7,4
444,2,-1
444,3,-1
444,4,-1
444,5,-1
444,7,-1
444,8,2
446,2,-1
446,5,-1
446,6,3
446,7,-1
446,8,-1
446,9,-1
450,3,-1
450,6,-1
450,11,-1
452,2,-1
452,3,-1
452,4,-1
452,7,-1
452,8,-1
452,10,4
452,11,3
452,13,-1
452,14,4
454,2,-1
454,4,-1
454,5,-1
454,7,-1
454,8,-1
454,13,-1
454,14,-1
455,1,-1
455,3,-1
455,7,-1
455,8,-1
455,9,-1
456,6,-1
456,7,-1
457,1,-1
457,2,-1
457,5,-1
457,7,-1
457,9,-1
457,10,-1
459,1,-1
459,2,-1
459,3,-1
459,4,-1
459,5,-1
459,6,-1
459,7,-1
459,8,-1
460,9,-1
461,2,3
461,4,-1
461,8,-1
461,9,4
462,1,3
462,2,-1
462,3,-1
462,4,-1
462,5,3
462,6,-1
462,7,-1
462,8,3
462,9,3
463,1,-1
463,2,-1
463,3,-1
463,4,-1
463,5,2
463,6,-1
463,7,-1
463,8,-1
463,9,-1
463,10,-1
463,11,-1
463,12,-1
464,2,-1
464,3,-1
468,4,-1
468,7,-1
468,8,-1
469,2,-1
469,3,-1
469,6,6
469,7,6
469,9,6
471,2,4
471,4,-1
471,5,4
471,6,-1
471,8,-1
471,9,-1
471,11,4
472,4,-1
473,1,-1
473,2,-1
473,12,-1
473,13,1
474,1,-1
474,2,-1
474,3,-1
474,4,-1
474,6,-1
474,9,-1
475,2,3
475,3,-1
475,5,-1
475,7,-1
476,1,-1
476,2,-1
476,3,-1
476,4,-1
476,6,-1
476,7,-1
478,2,-1
478,3,-1
478,4,-1
478,5,-1
479,1,-1
479,2,-1
479,3,-1
480,1,1
483,1,-1
483,2,-1
483,3,-1
483,4,-1
483,5,-1
483,6,-1
483,7,4
483,8,-1
483,9,-1
483,10,-1
483,11,4
484,2,-1
484,4,-1
484,5,-1
484,6,-1
484,7,-1
484,8,-1
484,9,-1
484,10,-1
484,11,-1
484,12,-1
485,2,-1
485,3,-1
488,5,-1
488,8,-1
490,1,-1
490,2,4
490,4,-1
490,5,4
490,7,-1
490,8,-1
490,10,-1
491,1,3
491,2,-1
491,3,4
491,4,4
491,6,-1
491,7,3
491,8,3
491,9,-1
493,9,-1
493,10,-1
494,4,0
494,6,0
494,7,0
494,8,0
495,1,-1
495,2,-1
495,3,-1
495,4,-1
495,5,-1
495,6,-1
495,7,-1
