k,explained_variance_ratio,cumulative_explained_variance
1,0.055432934,0.055432934
2,0.04901276,0.104445696
3,0.039337516,0.14378321
4,0.030086525,0.17386973
5,0.026086323,0.19995606
6,0.023220656,0.22317672
7,0.021444999,0.24462172
8,0.018935101,0.26355684
9,0.016483262,0.2800401
10,0.015636502,0.2956766
11,0.014903482,0.31058007
12,0.013598897,0.32417896
13,0.012883073,0.33706203
14,0.012636672,0.3496987
15,0.0119239325,0.36162263
16,0.011559812,0.37318245
17,0.011313204,0.38449565
18,0.0105994465,0.39509508
19,0.010041302,0.40513638
20,0.009438261,0.41457462
21,0.009225465,0.42380008
22,0.008897159,0.43269724
23,0.0087439865,0.44144124
24,0.008557521,0.44999877
25,0.008358908,0.45835766
26,0.00822321,0.46658087
27,0.007867187,0.47444806
28,0.00763765,0.4820857
29,0.0073059397,0.48939165
30,0.0070866025,0.49647826
31,0.006952472,0.5034307
32,0.0068485015,0.51027924
33,0.006451633,0.51673084
34,0.006395375,0.52312624
35,0.0063163233,0.52944255
36,0.006002231,0.5354448
37,0.005833645,0.5412784
38,0.005641372,0.5469198
39,0.0055613993,0.55248123
40,0.0054973317,0.5579786
41,0.005355566,0.5633341
42,0.005350449,0.5686846
43,0.00528129,0.57396585
44,0.005059348,0.5790252
45,0.0049135294,0.5839387
46,0.0048910044,0.5888297
47,0.0047964095,0.5936261
48,0.0046933745,0.5983195
49,0.004614035,0.6029335
50,0.0045141573,0.6074477
51,0.0044276416,0.6118753
52,0.0043484704,0.61622375
53,0.0042868475,0.6205106
54,0.0041906703,0.62470126
55,0.0040623127,0.62876356
56,0.0039385576,0.6327021
57,0.0039090496,0.63661116
58,0.003872058,0.6404832
59,0.0037767123,0.6442599
60,0.003751975,0.6480119
61,0.0037115528,0.6517235
62,0.003636761,0.6553603
63,0.0035835393,0.65894383
64,0.0035057599,0.6624496
65,0.0034758546,0.66592544
66,0.0034176449,0.6693431
67,0.0033930843,0.6727362
68,0.0033468215,0.676083
69,0.0033213992,0.67940444
70,0.0032282395,0.6826327
71,0.0031942246,0.6858269
72,0.0031301996,0.6889571
73,0.0030688653,0.69202596
74,0.0030201098,0.69504607
75,0.0029686599,0.69801474
76,0.0029448995,0.7009596
77,0.0028828827,0.7038425
78,0.0028361958,0.7066787
79,0.002830695,0.7095094
80,0.0028141714,0.71232355
81,0.0027817322,0.7151053
82,0.0027703391,0.71787566
83,0.0026627628,0.72053844
84,0.0026397211,0.72317815
85,0.002614884,0.725793
86,0.0026046045,0.7283976
87,0.0025821652,0.7309798
88,0.0025214632,0.73350126
89,0.0024932886,0.7359945
90,0.0024373229,0.7384318
91,0.0024234946,0.7408553
92,0.002409062,0.7432643
93,0.0023714902,0.7456358
94,0.002334531,0.74797034
95,0.0023160346,0.7502864
96,0.002276304,0.7525627
97,0.002270556,0.7548333
98,0.0022568288,0.7570901
99,0.0022424571,0.75933254
100,0.0022298077,0.76156235
101,0.0021871973,0.76374954
102,0.002143305,0.76589286
103,0.0020994623,0.7679923
104,0.0020832801,0.7700756
105,0.0020601072,0.77213573
106,0.0020237654,0.7741595
107,0.0019893202,0.7761488
108,0.001984005,0.7781328
109,0.0019574526,0.7800903
110,0.0019420052,0.78203225
111,0.0019215533,0.7839538
112,0.001906527,0.7858603
113,0.0018901567,0.7877505
114,0.0018770385,0.7896275
115,0.0018401509,0.79146767
116,0.0018210716,0.79328877
117,0.0018053914,0.79509413
118,0.0017821263,0.79687625
119,0.0017562164,0.79863244
120,0.0017511057,0.80038357
121,0.0017397035,0.80212325
122,0.0017103656,0.8038336
123,0.0016867196,0.8055203
124,0.0016748373,0.8071951
125,0.0016561376,0.80885124
126,0.0016517326,0.81050295
127,0.001635092,0.812138
128,0.0016197658,0.8137578
129,0.0016161684,0.81537396
130,0.0015840399,0.816958
131,0.0015587995,0.8185168
132,0.001544584,0.8200614
133,0.0015371006,0.8215985
134,0.0015144936,0.82311296
135,0.0014964346,0.8246094
136,0.0014896551,0.82609904
137,0.0014855033,0.82758456
138,0.0014795447,0.82906413
139,0.001457655,0.83052176
140,0.0014440728,0.83196586
141,0.001425405,0.83339125
142,0.0014145459,0.8348058
143,0.001404688,0.8362105
144,0.0013896781,0.8376002
145,0.0013703547,0.83897054
146,0.0013589971,0.8403295
147,0.0013520741,0.8416816
148,0.0013410733,0.84302264
149,0.0013245227,0.8443472
150,0.0013070321,0.8456542
151,0.0012875256,0.8469417
152,0.0012796888,0.8482214
153,0.0012699451,0.84949136
154,0.0012670867,0.85075843
155,0.0012527672,0.8520112
156,0.0012308708,0.8532421
157,0.0012136416,0.85445577
158,0.0012107535,0.8556665
159,0.0012014913,0.856868
160,0.0011873053,0.85805535
161,0.001177284,0.85923266
162,0.0011627811,0.86039543
163,0.0011537219,0.86154914
164,0.0011477843,0.86269695
165,0.0011458925,0.86384284
166,0.0011330228,0.86497587
167,0.001128288,0.8661042
168,0.0011219291,0.8672261
169,0.0011079577,0.86833405
170,0.0010980321,0.8694321
171,0.0010872139,0.8705193
172,0.0010746539,0.87159395
173,0.001061441,0.8726554
174,0.0010566493,0.87371206
175,0.0010452133,0.8747573
176,0.0010371709,0.8757945
177,0.0010354704,0.8768299
178,0.0010195895,0.8778495
179,0.0010080617,0.87885755
180,0.001004731,0.8798623
181,0.0009982717,0.88086057
182,0.0009961979,0.88185674
183,0.0009908612,0.8828476
184,0.0009822441,0.88382983
185,0.0009795317,0.8848094
186,0.0009645858,0.88577396
187,0.0009512289,0.8867252
188,0.00094666524,0.8876718
189,0.0009359303,0.88860774
190,0.000930516,0.8895382
191,0.00092352816,0.89046174
192,0.00090977113,0.8913715
193,0.000889538,0.892261
194,0.0008856065,0.89314663
195,0.0008835575,0.8940302
196,0.0008708044,0.89490104
197,0.00086670293,0.89576775
198,0.0008599661,0.8966277
199,0.00085387914,0.8974816
200,0.0008450577,0.8983267
201,0.00083648646,0.8991632
202,0.0008252205,0.8999884
203,0.0008117703,0.90080017
204,0.0008081043,0.9016083
205,0.0007990601,0.90240735
206,0.0007957771,0.9032031
207,0.000792349,0.90399545
208,0.0007868799,0.90478235
209,0.00077605946,0.9055584
210,0.0007754315,0.90633386
211,0.0007666567,0.9071005
212,0.00076061225,0.9078611
213,0.0007552921,0.9086164
214,0.0007494692,0.9093659
215,0.000745655,0.91011155
216,0.00073687325,0.91084844
217,0.0007264645,0.9115749
218,0.00072256656,0.9122975
219,0.0007189064,0.9130164
220,0.0007106009,0.913727
221,0.00070428016,0.9144313
222,0.0007023693,0.91513366
223,0.000691183,0.91582483
224,0.0006845562,0.9165094
225,0.0006807076,0.9171901
226,0.0006723474,0.9178624
227,0.0006706236,0.918533
228,0.0006629406,0.91919595
229,0.0006585454,0.9198545
230,0.00065624184,0.92051077
231,0.0006440359,0.9211548
232,0.00064070337,0.9217955
233,0.000631035,0.9224265
234,0.0006274514,0.923054
235,0.0006254524,0.9236794
236,0.000620992,0.92430043
237,0.0006163991,0.9249168
238,0.00060738035,0.9255242
239,0.00060279004,0.92612696
240,0.0005982611,0.9267252
241,0.000593052,0.9273183
242,0.00059044414,0.9279087
243,0.0005860281,0.92849475
244,0.00057716813,0.9290719
245,0.00057464745,0.92964655
246,0.00056964805,0.9302162
247,0.0005674752,0.9307837
248,0.00056391355,0.9313476
249,0.0005597407,0.93190736
250,0.00055528845,0.93246263
251,0.0005508922,0.9330135
252,0.0005465467,0.9335601
253,0.0005449246,0.934105
254,0.0005394922,0.93464446
255,0.0005367369,0.9351812
256,0.00053330546,0.9357145
257,0.00052619993,0.9362407
258,0.00052290736,0.9367636
259,0.00052079704,0.9372844
260,0.0005177218,0.93780214
261,0.0005126247,0.93831474
262,0.000507964,0.9388227
263,0.00050609926,0.9393288
264,0.0005039277,0.93983275
265,0.0004998293,0.9403326
266,0.00049314176,0.94082576
267,0.0004898092,0.9413156
268,0.00048583158,0.9418014
269,0.0004806525,0.9422821
270,0.00047798312,0.94276005
271,0.0004733383,0.9432334
272,0.00046865336,0.94370204
273,0.00046568553,0.94416773
274,0.00045956695,0.9446273
275,0.0004586365,0.94508594
276,0.0004554992,0.94554144
277,0.00045304233,0.9459945
278,0.0004523432,0.94644684
279,0.00044771287,0.9468945
280,0.00044370227,0.9473382
281,0.00043899557,0.9477772
282,0.00043385522,0.9482111
283,0.00043140657,0.9486425
284,0.00042769467,0.9490702
285,0.00042474314,0.94949496
286,0.00042243671,0.9499174
287,0.00041762285,0.950335
288,0.00041352873,0.95074856
289,0.00041085875,0.9511594
290,0.0004053673,0.9515648
291,0.0004037186,0.9519685
292,0.00040050544,0.952369
293,0.00039722447,0.9527662
294,0.0003942328,0.9531604
295,0.00039223846,0.95355266
296,0.00038751547,0.95394015
297,0.00038153658,0.9543217
298,0.00037934553,0.954701
299,0.00037502122,0.95507604
300,0.00037180277,0.95544785
301,0.00037021423,0.95581806
302,0.00036700274,0.95618504
303,0.00036020647,0.95654523
304,0.00035810343,0.95690334
305,0.00035741646,0.9572607
306,0.0003517022,0.95761245
307,0.00034914745,0.9579616
308,0.00034856534,0.9583102
309,0.0003465475,0.9586567
310,0.00034410445,0.9590008
311,0.0003401645,0.959341
312,0.00033827923,0.95967925
313,0.00033346706,0.96001273
314,0.00033120264,0.96034396
315,0.00032733165,0.9606713
316,0.0003229401,0.96099424
317,0.00032192192,0.96131617
318,0.00032146336,0.9616376
319,0.00031645808,0.96195406
320,0.00031535985,0.9622694
321,0.00031407768,0.9625835
322,0.0003103254,0.9628938
323,0.0003093108,0.9632031
324,0.0003074419,0.9635105
325,0.000303632,0.96381414
326,0.00029844567,0.9641126
327,0.00029660808,0.9644092
328,0.00029448353,0.9647037
329,0.00029228057,0.964996
330,0.00028932025,0.9652853
331,0.00028737748,0.96557266
332,0.00028604377,0.9658587
333,0.00028142874,0.96614015
334,0.0002802225,0.96642035
335,0.0002776376,0.966698
336,0.00027580908,0.9669738
337,0.0002690781,0.96724284
338,0.0002679906,0.9675108
339,0.00026638847,0.9677772
340,0.00026445248,0.96804166
341,0.00026185488,0.9683035
342,0.00025861224,0.9685621
343,0.00025587998,0.968818
344,0.0002543836,0.9690724
345,0.0002526469,0.96932507
346,0.0002510589,0.9695761
347,0.00024890224,0.969825
348,0.000248658,0.9700737
349,0.00024401645,0.9703177
350,0.00024198365,0.9705597
351,0.00024029073,0.9708
352,0.00023754219,0.9710375
353,0.00023383848,0.97127134
354,0.00023345018,0.9715048
355,0.00023169203,0.9717365
356,0.00022774909,0.97196424
357,0.00022688851,0.97219115
358,0.00022252453,0.97241366
359,0.0002216762,0.9726353
360,0.0002191032,0.97285444
361,0.00021811652,0.9730725
362,0.0002164727,0.973289
363,0.00021380608,0.9735028
364,0.00020943355,0.97371227
365,0.0002081465,0.9739204
366,0.0002070708,0.9741275
367,0.00020461665,0.9743321
368,0.00020373172,0.9745358
369,0.00020178393,0.9747376
370,0.0002012543,0.9749388
371,0.0001979623,0.97513676
372,0.00019665863,0.9753334
373,0.00019531288,0.9755287
374,0.00019253846,0.97572124
375,0.00019193617,0.97591317
376,0.00019112353,0.9761043
377,0.00018777951,0.9762921
378,0.00018646504,0.9764785
379,0.00018461337,0.9766631
380,0.00018249436,0.9768456
381,0.00018196636,0.9770276
382,0.00017906714,0.97720665
383,0.0001775805,0.9773842
384,0.00017607582,0.9775603
385,0.00017222312,0.9777325
386,0.00017164854,0.97790414
387,0.0001709278,0.9780751
388,0.00016875536,0.9782438
389,0.00016605748,0.9784099
390,0.00016557953,0.97857547
391,0.00016430503,0.9787398
392,0.00016275387,0.9789026
393,0.0001620612,0.97906464
394,0.00016058082,0.9792252
395,0.00015976632,0.97938496
396,0.00015730665,0.97954226
397,0.00015638105,0.97969866
398,0.00015473858,0.9798534
399,0.00015451976,0.9800079
400,0.00015325384,0.98016113
401,0.00015070099,0.9803118
402,0.00014809646,0.9804599
403,0.00014771527,0.9806076
404,0.00014639022,0.980754
405,0.00014490978,0.9808989
406,0.00014369274,0.9810426
407,0.00014253838,0.98118514
408,0.00014101369,0.98132616
409,0.00013862665,0.9814648
410,0.00013782344,0.9816026
411,0.0001374873,0.9817401
412,0.00013500554,0.9818751
413,0.00013286705,0.982008
414,0.00013221327,0.9821402
415,0.00013079074,0.98227096
416,0.00012960297,0.98240054
417,0.00012859305,0.9825291
418,0.00012785957,0.98265696
419,0.00012653011,0.9827835
420,0.00012501066,0.9829085
421,0.00012368622,0.98303217
422,0.00012284519,0.983155
423,0.00012132932,0.98327637
424,0.000119828524,0.9833962
425,0.000119418604,0.9835156
426,0.000118314536,0.98363394
427,0.00011655116,0.98375046
428,0.0001156272,0.9838661
429,0.00011475241,0.98398083
430,0.00011370176,0.98409456
431,0.0001135334,0.9842081
432,0.000112495625,0.9843206
433,0.0001118479,0.9844324
434,0.000110802444,0.9845432
435,0.00010905628,0.9846523
436,0.000108522465,0.9847608
437,0.00010664598,0.98486745
438,0.00010628145,0.9849737
439,0.00010579268,0.9850795
440,0.000104369494,0.9851839
441,0.000103975864,0.98528785
442,0.00010277002,0.9853906
443,0.00010195883,0.9854926
444,0.00010137221,0.985594
445,0.00010031323,0.9856943
446,9.9513585e-05,0.9857938
447,9.92902e-05,0.98589313
448,9.77566e-05,0.9859909
449,9.69302e-05,0.9860878
450,9.605774e-05,0.9861839
451,9.5743766e-05,0.9862796
452,9.498112e-05,0.9863746
453,9.429964e-05,0.9864689
454,9.315111e-05,0.9865621
455,9.251568e-05,0.9866546
456,9.211994e-05,0.9867467
457,9.1538794e-05,0.9868383
458,9.0113776e-05,0.9869284
459,8.965891e-05,0.98701805
460,8.899387e-05,0.98710704
461,8.8060406e-05,0.9871951
462,8.784912e-05,0.98728293
463,8.7189816e-05,0.98737013
464,8.658152e-05,0.98745674
465,8.523556e-05,0.987542
466,8.441744e-05,0.9876264
467,8.400546e-05,0.98771036
468,8.347129e-05,0.9877938
469,8.332576e-05,0.98787713
470,8.2548155e-05,0.9879597
471,8.145365e-05,0.98804116
472,8.054977e-05,0.9881217
473,8.001793e-05,0.9882017
474,7.911926e-05,0.9882808
475,7.8629426e-05,0.9883594
476,7.841053e-05,0.98843783
477,7.7503704e-05,0.9885153
478,7.694267e-05,0.98859227
479,7.628636e-05,0.98866856
480,7.6233555e-05,0.9887448
481,7.513932e-05,0.98881996
482,7.458594e-05,0.9888945
483,7.3503805e-05,0.988968
484,7.324975e-05,0.98904127
485,7.274186e-05,0.989114
486,7.1753646e-05,0.98918575
487,7.13615e-05,0.9892571
488,7.11734e-05,0.98932827
489,7.057832e-05,0.98939884
490,7.01182e-05,0.98946893
491,6.9794456e-05,0.9895387
492,6.9406895e-05,0.9896081
493,6.8833455e-05,0.98967695
494,6.7817e-05,0.9897448
495,6.756996e-05,0.9898124
496,6.704078e-05,0.9898794
497,6.608243e-05,0.98994553
498,6.579827e-05,0.99001133
499,6.4867265e-05,0.9900762
500,6.418463e-05,0.9901404
501,6.401899e-05,0.9902044
502,6.336166e-05,0.99026775
503,6.32012e-05,0.99033093
504,6.250238e-05,0.99039346
505,6.199385e-05,0.99045545
506,6.152798e-05,0.99051696
507,6.10794e-05,0.99057806
508,6.0633105e-05,0.9906387
509,6.0213224e-05,0.9906989
510,5.988017e-05,0.9907588
511,5.9448772e-05,0.9908182
512,5.896042e-05,0.99087715
513,5.836085e-05,0.9909355
514,5.7728386e-05,0.99099326
515,5.764643e-05,0.9910509
516,5.724329e-05,0.9911081
517,5.71685e-05,0.9911653
518,5.6877747e-05,0.99122214
519,5.6591085e-05,0.9912787
520,5.618214e-05,0.9913349
521,5.5748074e-05,0.99139065
522,5.5231914e-05,0.9914459
523,5.4691533e-05,0.9915006
524,5.411372e-05,0.99155474
525,5.386407e-05,0.9916086
526,5.3335032e-05,0.99166197
527,5.284533e-05,0.99171484
528,5.250576e-05,0.99176735
529,5.216965e-05,0.9918195
530,5.1534193e-05,0.99187106
531,5.1131e-05,0.9919222
532,5.0841678e-05,0.99197304
533,5.0457955e-05,0.9920235
534,5.0020448e-05,0.99207354
535,4.9812406e-05,0.99212337
536,4.9265833e-05,0.99217266
537,4.8906008e-05,0.9922216
538,4.8702455e-05,0.9922703
539,4.8366055e-05,0.99231863
540,4.8010163e-05,0.9923666
541,4.7588874e-05,0.9924142
542,4.7363978e-05,0.99246156
543,4.7087564e-05,0.99250865
544,4.70295e-05,0.9925557
545,4.6658006e-05,0.99260235
546,4.651375e-05,0.99264884
547,4.5624325e-05,0.99269444
548,4.551409e-05,0.99274
549,4.524875e-05,0.9927852
550,4.5091605e-05,0.99283034
551,4.4915694e-05,0.9928753
552,4.4501056e-05,0.9929198
553,4.4320634e-05,0.99296415
554,4.3915552e-05,0.9930081
555,4.3720032e-05,0.9930518
556,4.3273067e-05,0.9930951
557,4.268345e-05,0.9931378
558,4.219258e-05,0.99318
559,4.2125048e-05,0.9932221
560,4.168682e-05,0.9932638
561,4.1475207e-05,0.99330527
562,4.128551e-05,0.9933466
563,4.1109124e-05,0.9933877
564,4.0755604e-05,0.99342847
565,4.0522456e-05,0.993469
566,4.032363e-05,0.99350935
567,4.0221035e-05,0.9935496
568,4.000264e-05,0.9935896
569,3.9553084e-05,0.99362916
570,3.9301354e-05,0.99366844
571,3.914932e-05,0.9937076
572,3.897646e-05,0.9937466
573,3.8624104e-05,0.9937852
574,3.857303e-05,0.99382377
575,3.8213686e-05,0.993862
576,3.7942915e-05,0.99389994
577,3.749802e-05,0.99393743
578,3.7422233e-05,0.99397486
579,3.722078e-05,0.99401206
580,3.6938494e-05,0.994049
581,3.6670288e-05,0.99408567
582,3.6502122e-05,0.99412215
583,3.6293488e-05,0.99415845
584,3.6041027e-05,0.9941945
585,3.581741e-05,0.99423033
586,3.5556423e-05,0.9942659
587,3.529525e-05,0.9943012
588,3.5233432e-05,0.9943364
589,3.478132e-05,0.99437124
590,3.467938e-05,0.9944059
591,3.4339326e-05,0.99444026
592,3.4300643e-05,0.99447453
593,3.4198936e-05,0.99450874
594,3.3770237e-05,0.99454254
595,3.3626267e-05,0.99457616
596,3.358572e-05,0.9946097
597,3.314742e-05,0.99464285
598,3.286417e-05,0.9946757
599,3.2788656e-05,0.9947085
600,3.2573404e-05,0.994741
601,3.226767e-05,0.99477327
602,3.2192977e-05,0.99480546
603,3.201642e-05,0.99483746
604,3.1773736e-05,0.99486923
605,3.170047e-05,0.99490094
606,3.138066e-05,0.9949323
607,3.1148382e-05,0.99496347
608,3.096947e-05,0.99499446
609,3.0889474e-05,0.99502534
610,3.06811e-05,0.99505603
611,3.052037e-05,0.99508655
612,3.0271787e-05,0.99511683
613,3.020017e-05,0.99514705
614,2.9975301e-05,0.99517703
615,2.9871828e-05,0.9952069
616,2.9582452e-05,0.99523646
617,2.937674e-05,0.99526584
618,2.9133667e-05,0.995295
619,2.8957438e-05,0.99532396
620,2.8880797e-05,0.99535286
621,2.8626073e-05,0.9953815
622,2.8496992e-05,0.99540997
623,2.8337012e-05,0.9954383
624,2.8252623e-05,0.99546653
625,2.7969036e-05,0.9954945
626,2.7699423e-05,0.9955222
627,2.7640386e-05,0.99554986
628,2.7469832e-05,0.99557734
629,2.731768e-05,0.99560463
630,2.7136144e-05,0.99563175
631,2.702172e-05,0.99565876
632,2.6894331e-05,0.99568564
633,2.655318e-05,0.99571216
634,2.6477433e-05,0.9957386
635,2.6352976e-05,0.995765
636,2.6323281e-05,0.9957913
637,2.60108e-05,0.9958173
638,2.5886176e-05,0.9958432
639,2.5759362e-05,0.9958689
640,2.5674432e-05,0.9958946
641,2.5458368e-05,0.99592006
642,2.5345169e-05,0.9959454
643,2.507839e-05,0.9959705
644,2.498244e-05,0.99599546
645,2.483119e-05,0.9960203
646,2.4790967e-05,0.9960451
647,2.4608831e-05,0.9960697
648,2.4545425e-05,0.9960943
649,2.4373643e-05,0.99611866
650,2.422683e-05,0.99614286
651,2.412356e-05,0.996167
652,2.392284e-05,0.9961909
653,2.384208e-05,0.99621475
654,2.3818493e-05,0.9962386
655,2.3712048e-05,0.9962623
656,2.3494962e-05,0.9962858
657,2.3233808e-05,0.99630904
658,2.317286e-05,0.9963322
659,2.306687e-05,0.9963553
660,2.2859564e-05,0.9963782
661,2.2698658e-05,0.9964009
662,2.2536993e-05,0.9964234
663,2.2492237e-05,0.9964459
664,2.2404787e-05,0.9964683
665,2.224163e-05,0.99649054
666,2.2142804e-05,0.99651265
667,2.2112688e-05,0.99653476
668,2.190733e-05,0.9965567
669,2.1708775e-05,0.9965784
670,2.1670428e-05,0.9966001
671,2.1567743e-05,0.99662167
672,2.1483645e-05,0.9966431
673,2.1368953e-05,0.9966645
674,2.1176433e-05,0.9966857
675,2.1080214e-05,0.9967068
676,2.0957925e-05,0.99672776
677,2.087157e-05,0.9967486
678,2.0773028e-05,0.9967694
679,2.0652158e-05,0.99679005
680,2.0510128e-05,0.99681056
681,2.0431868e-05,0.996831
682,2.0368807e-05,0.9968514
683,2.0252024e-05,0.99687165
684,2.0114949e-05,0.99689174
685,1.9994053e-05,0.9969117
686,1.983753e-05,0.99693155
687,1.9712414e-05,0.9969513
688,1.966836e-05,0.99697095
689,1.9500421e-05,0.99699044
690,1.9397492e-05,0.9970098
691,1.9344248e-05,0.9970292
692,1.928121e-05,0.99704844
693,1.9072693e-05,0.9970675
694,1.9049377e-05,0.9970866
695,1.892589e-05,0.99710554
696,1.8717448e-05,0.99712425
697,1.8656609e-05,0.9971429
698,1.8610148e-05,0.9971615
699,1.8424527e-05,0.9971799
700,1.8358429e-05,0.9971983
701,1.8287881e-05,0.9972166
702,1.8165832e-05,0.99723476
703,1.8083389e-05,0.9972528
704,1.7920544e-05,0.99727076
705,1.7796592e-05,0.9972886
706,1.768442e-05,0.9973063
707,1.758112e-05,0.9973239
708,1.7561211e-05,0.99734145
709,1.7521046e-05,0.997359
710,1.735666e-05,0.9973763
711,1.7308204e-05,0.9973936
712,1.7160666e-05,0.9974108
713,1.7113596e-05,0.9974279
714,1.7086362e-05,0.997445
715,1.7021612e-05,0.99746203
716,1.6982372e-05,0.997479
717,1.689825e-05,0.99749595
718,1.6758786e-05,0.9975127
719,1.6674376e-05,0.9975294
720,1.6618034e-05,0.997546
721,1.6514216e-05,0.9975625
722,1.6321623e-05,0.99757886
723,1.6197428e-05,0.9975951
724,1.6157352e-05,0.9976112
725,1.600307e-05,0.9976272
726,1.5979793e-05,0.9976432
727,1.5915568e-05,0.9976591
728,1.5829704e-05,0.99767494
729,1.5748783e-05,0.9976907
730,1.5635367e-05,0.9977063
731,1.5514683e-05,0.9977218
732,1.5420528e-05,0.9977372
733,1.5388376e-05,0.9977526
734,1.5305086e-05,0.9977679
735,1.5285876e-05,0.9977832
736,1.5219755e-05,0.9977984
737,1.5161134e-05,0.9978135
738,1.5053896e-05,0.9978286
739,1.49974085e-05,0.9978436
740,1.4920787e-05,0.9978585
741,1.4822333e-05,0.99787337
742,1.4781622e-05,0.99788815
743,1.4679455e-05,0.9979028
744,1.45860995e-05,0.9979174
745,1.4531348e-05,0.99793196
746,1.44877395e-05,0.99794644
747,1.4353576e-05,0.9979608
748,1.4250169e-05,0.99797505
749,1.4211051e-05,0.99798924
750,1.4184909e-05,0.9980034
751,1.4145134e-05,0.99801755
752,1.405199e-05,0.9980316
753,1.3956198e-05,0.99804556
754,1.3898625e-05,0.99805945
755,1.3859798e-05,0.99807334
756,1.3793425e-05,0.9980871
757,1.36391345e-05,0.99810076
758,1.3571453e-05,0.99811435
759,1.3491912e-05,0.9981278
760,1.341761e-05,0.9981412
761,1.3346048e-05,0.9981546
762,1.3255303e-05,0.9981678
763,1.3250588e-05,0.99818105
764,1.31606785e-05,0.9981942
765,1.3119533e-05,0.99820733
766,1.3022367e-05,0.9982203
767,1.2983509e-05,0.9982333
768,1.2957208e-05,0.99824625
769,1.2879649e-05,0.9982591
770,1.2831669e-05,0.99827194
771,1.27579215e-05,0.9982847
772,1.2690432e-05,0.9982974
773,1.2609498e-05,0.99831
774,1.2499798e-05,0.99832255
775,1.24537e-05,0.998335
776,1.2355045e-05,0.99834734
777,1.23067e-05,0.9983596
778,1.2255948e-05,0.9983719
779,1.2216371e-05,0.9983841
780,1.2111994e-05,0.9983962
781,1.205936e-05,0.99840826
782,1.2023626e-05,0.9984203
783,1.1972761e-05,0.9984323
784,1.1931433e-05,0.9984442
785,1.181388e-05,0.998456
786,1.1778914e-05,0.9984678
787,1.1738788e-05,0.99847955
788,1.16627425e-05,0.9984912
789,1.1542382e-05,0.9985028
790,1.1506012e-05,0.9985143
791,1.1458359e-05,0.99852574
792,1.1348579e-05,0.99853706
793,1.1329065e-05,0.9985484
794,1.1214758e-05,0.9985596
795,1.1193891e-05,0.9985708
796,1.1125082e-05,0.99858195
797,1.1061397e-05,0.99859303
798,1.1030138e-05,0.99860406
799,1.09807925e-05,0.998615
800,1.0937046e-05,0.99862593
801,1.0900778e-05,0.99863684
802,1.086003e-05,0.9986477
803,1.0784514e-05,0.9986585
804,1.0682527e-05,0.99866915
805,1.0619666e-05,0.99867976
806,1.0571925e-05,0.9986903
807,1.0518261e-05,0.9987008
808,1.047419e-05,0.9987113
809,1.0457539e-05,0.9987217
810,1.0417579e-05,0.99873215
811,1.0287695e-05,0.99874246
812,1.0277124e-05,0.9987527
813,1.024457e-05,0.99876297
814,1.01828755e-05,0.99877316
815,1.0132402e-05,0.9987833
816,1.0051406e-05,0.99879336
817,1.001139e-05,0.9988034
818,9.966194e-06,0.99881333
819,9.898995e-06,0.9988232
820,9.858305e-06,0.99883306
821,9.782478e-06,0.99884284
822,9.727791e-06,0.99885255
823,9.6535105e-06,0.9988622
824,9.5868445e-06,0.9988718
825,9.5403175e-06,0.99888134
826,9.491547e-06,0.9988908
827,9.456161e-06,0.9989003
828,9.427614e-06,0.9989097
829,9.409101e-06,0.9989191
830,9.351975e-06,0.9989285
831,9.299475e-06,0.9989378
832,9.195238e-06,0.99894696
833,9.189983e-06,0.99895614
834,9.165101e-06,0.9989653
835,9.137497e-06,0.99897444
836,9.047707e-06,0.9989835
837,9.026965e-06,0.9989925
838,8.953401e-06,0.99900144
839,8.9152045e-06,0.9990104
840,8.878526e-06,0.99901927
841,8.840417e-06,0.9990281
842,8.811783e-06,0.9990369
843,8.759251e-06,0.99904567
844,8.725868e-06,0.9990544
845,8.676894e-06,0.9990631
846,8.616987e-06,0.9990717
847,8.58114e-06,0.9990803
848,8.543006e-06,0.9990888
849,8.471919e-06,0.9990973
850,8.4309495e-06,0.9991057
851,8.377596e-06,0.9991141
852,8.352958e-06,0.99912244
853,8.345723e-06,0.9991308
854,8.2644365e-06,0.9991391
855,8.232091e-06,0.9991473
856,8.1820735e-06,0.99915546
857,8.151985e-06,0.9991636
858,8.082162e-06,0.99917173
859,8.065942e-06,0.9991798
860,7.978747e-06,0.99918777
861,7.946366e-06,0.9991957
862,7.896001e-06,0.99920356
863,7.868489e-06,0.99921143
864,7.832396e-06,0.99921924
865,7.822212e-06,0.99922705
866,7.782973e-06,0.99923486
867,7.7469085e-06,0.9992426
868,7.699899e-06,0.9992503
869,7.637415e-06,0.9992579
870,7.607576e-06,0.99926555
871,7.5847374e-06,0.9992731
872,7.5071916e-06,0.99928063
873,7.4488366e-06,0.9992881
874,7.390217e-06,0.9992955
875,7.380954e-06,0.99930286
876,7.3092287e-06,0.9993102
877,7.255658e-06,0.99931747
878,7.247835e-06,0.99932474
879,7.193804e-06,0.99933195
880,7.1907803e-06,0.99933916
881,7.1376007e-06,0.9993463
882,7.1061604e-06,0.9993534
883,7.087885e-06,0.9993605
884,7.0471638e-06,0.99936754
885,7.0063493e-06,0.99937457
886,6.983501e-06,0.99938154
887,6.9540397e-06,0.9993885
888,6.8939376e-06,0.99939543
889,6.8225168e-06,0.9994022
890,6.7719056e-06,0.999409
891,6.7551696e-06,0.99941576
892,6.7155593e-06,0.9994225
893,6.6662133e-06,0.99942917
894,6.6418047e-06,0.9994358
895,6.611077e-06,0.9994424
896,6.597665e-06,0.999449
897,6.5531412e-06,0.9994556
898,6.5382987e-06,0.9994621
899,6.4638e-06,0.99946856
900,6.412923e-06,0.999475
901,6.3876937e-06,0.9994814
902,6.333949e-06,0.9994877
903,6.2985937e-06,0.999494
904,6.2754343e-06,0.9995003
905,6.228466e-06,0.9995065
906,6.2104173e-06,0.9995127
907,6.1344745e-06,0.9995188
908,6.111603e-06,0.99952495
909,6.0883203e-06,0.99953103
910,6.0365255e-06,0.99953705
911,6.022518e-06,0.9995431
912,5.9994472e-06,0.9995491
913,5.913113e-06,0.999555
914,5.8575924e-06,0.99956083
915,5.8480878e-06,0.9995667
916,5.8181613e-06,0.9995725
917,5.8150654e-06,0.99957836
918,5.777074e-06,0.99958414
919,5.7257703e-06,0.99958986
920,5.7019515e-06,0.9995956
921,5.6815225e-06,0.99960124
922,5.633679e-06,0.9996069
923,5.6135905e-06,0.9996125
924,5.57807e-06,0.9996181
925,5.564446e-06,0.99962366
926,5.530277e-06,0.9996292
927,5.460733e-06,0.9996347
928,5.4557245e-06,0.99964017
929,5.40801e-06,0.9996456
930,5.3859394e-06,0.99965096
931,5.363154e-06,0.9996563
932,5.3347426e-06,0.9996617
933,5.3155736e-06,0.999667
934,5.254479e-06,0.99967223
935,5.1967563e-06,0.9996774
936,5.1694083e-06,0.9996826
937,5.152653e-06,0.99968773
938,5.103358e-06,0.99969286
939,5.0812805e-06,0.9996979
940,5.055344e-06,0.999703
941,5.023322e-06,0.999708
942,4.9634186e-06,0.99971294
943,4.9590226e-06,0.9997179
944,4.9210803e-06,0.99972284
945,4.902672e-06,0.9997277
946,4.8733236e-06,0.9997326
947,4.856389e-06,0.99973744
948,4.790745e-06,0.9997422
949,4.7360118e-06,0.9997469
950,4.714314e-06,0.9997516
951,4.6819705e-06,0.99975634
952,4.663918e-06,0.999761
953,4.6143405e-06,0.9997656
954,4.5945103e-06,0.99977016
955,4.5512465e-06,0.9997747
956,4.516862e-06,0.9997792
957,4.4923195e-06,0.9997837
958,4.474791e-06,0.99978817
959,4.4053236e-06,0.9997926
960,4.357749e-06,0.9997969
961,4.3269383e-06,0.9998013
962,4.3100436e-06,0.99980557
963,4.292499e-06,0.99980986
964,4.2532843e-06,0.9998141
965,4.2219817e-06,0.9998183
966,4.1906105e-06,0.9998225
967,4.1882317e-06,0.99982667
968,4.134849e-06,0.9998308
969,4.1029675e-06,0.9998349
970,4.086921e-06,0.999839
971,4.077837e-06,0.99984306
972,4.0237182e-06,0.9998471
973,3.994945e-06,0.9998511
974,3.960118e-06,0.99985504
975,3.9388256e-06,0.999859
976,3.9115357e-06,0.9998629
977,3.882198e-06,0.9998668
978,3.859527e-06,0.99987066
979,3.8050255e-06,0.9998745
980,3.7878722e-06,0.9998783
981,3.7351112e-06,0.99988204
982,3.733704e-06,0.9998858
983,3.705141e-06,0.9998895
984,3.6780648e-06,0.9998932
985,3.5999628e-06,0.99989676
986,3.582694e-06,0.99990034
987,3.5384949e-06,0.99990386
988,3.503896e-06,0.9999074
989,3.4788707e-06,0.99991083
990,3.4277946e-06,0.9999143
991,3.385119e-06,0.9999177
992,3.3754757e-06,0.9999211
993,3.3505098e-06,0.9999244
994,3.2814926e-06,0.9999277
995,3.2404428e-06,0.9999309
996,3.2254225e-06,0.99993414
997,3.1929526e-06,0.99993736
998,3.1432435e-06,0.9999405
999,3.0926867e-06,0.9999436
1000,3.0585356e-06,0.99994665
1001,3.0353688e-06,0.9999497
1002,2.9424739e-06,0.9999526
1003,2.918672e-06,0.99995553
1004,2.897259e-06,0.99995846
1005,2.8309585e-06,0.99996126
1006,2.7929088e-06,0.99996406
1007,2.7548738e-06,0.9999668
1008,2.721827e-06,0.99996954
1009,2.6569949e-06,0.9999722
1010,2.6186715e-06,0.99997485
1011,2.5179108e-06,0.99997735
1012,2.4160727e-06,0.9999798
1013,2.3756252e-06,0.9999822
1014,2.3468522e-06,0.9999845
1015,2.2823058e-06,0.99998677
1016,2.1649455e-06,0.9999889
1017,1.7857851e-06,0.9999907
1018,1.7436946e-06,0.99999243
1019,1.6759316e-06,0.9999941
1020,1.552455e-06,0.99999565
1021,1.468226e-06,0.99999714
1022,1.3342826e-06,0.99999845
1023,1.1126219e-06,0.9999996
1024,6.1999544e-10,0.9999996
