poem_id,beyt_id,same_poem_rate_k20_hint_only,same_poem_rate_k20_hint_affect
1,1,0.0,0.0
1,2,0.0,0.0
1,3,0.0,0.0
1,4,0.0,0.0
1,5,0.0,0.0
1,6,0.0,0.0
1,7,0.0,0.0
2,1,0.0,0.0
2,2,0.0,0.0
2,3,0.0,0.0
2,4,0.0,0.0
2,5,0.0,0.0
2,6,0.0,0.0
2,7,0.0,0.0
2,8,0.0,0.0
3,1,0.0,0.0
3,2,0.0,0.0
3,3,0.0,0.0
3,4,0.0,0.0
3,5,0.0,0.0
3,6,0.0,0.0
3,7,0.0,0.0
3,8,0.0,0.0
3,9,0.0,0.0
4,1,0.0,0.05
4,2,0.05,0.05
4,3,0.0,0.05
4,4,0.0,0.0
4,5,0.05,0.05
4,6,0.05,0.0
4,7,0.0,0.0
4,8,0.0,0.0
5,1,0.0,0.0
5,2,0.0,0.0
5,3,0.0,0.0
5,4,0.0,0.0
5,5,0.0,0.0
5,6,0.0,0.0
5,7,0.0,0.0
5,8,0.0,0.0
5,9,0.0,0.0
5,10,0.0,0.0
5,11,0.0,0.0
5,12,0.0,0.0
5,13,0.05,0.0
6,1,0.05,0.0
6,2,0.0,0.0
6,3,0.0,0.0
6,4,0.0,0.0
6,5,0.0,0.0
6,6,0.0,0.0
6,7,0.0,0.0
7,1,0.0,0.0
7,2,0.0,0.0
7,3,0.0,0.0
7,4,0.0,0.05
7,5,0.0,0.0
7,6,0.0,0.0
7,7,0.0,0.0
7,8,0.05,0.0
8,1,0.0,0.0
8,2,0.0,0.0
8,3,0.0,0.0
8,4,0.0,0.0
8,5,0.0,0.0
8,6,0.0,0.0
8,7,0.0,0.0
8,8,0.0,0.0
8,9,0.0,0.0
9,1,0.0,0.0
9,2,0.0,0.0
9,3,0.0,0.0
9,4,0.0,0.0
9,5,0.05,0.0
9,6,0.0,0.0
9,7,0.0,0.0
9,8,0.0,0.0
9,9,0.0,0.0
9,10,0.0,0.0
10,1,0.0,0.05
10,2,0.05,0.1
10,3,0.1,0.1
10,4,0.0,0.0
10,5,0.0,0.0
10,6,0.0,0.0
10,7,0.0,0.05
11,1,0.0,0.0
11,2,0.0,0.0
11,3,0.0,0.0
11,4,0.0,0.0
11,5,0.0,0.0
11,6,0.0,0.0
11,7,0.0,0.0
11,8,0.0,0.0
11,9,0.0,0.0
11,10,0.0,0.0
12,1,0.0,0.0
12,2,0.0,0.0
12,3,0.0,0.0
12,4,0.0,0.05
12,5,0.0,0.0
12,6,0.0,0.0
12,7,0.0,0.0
12,8,0.0,0.0
12,9,0.0,0.0
12,10,0.0,0.0
12,11,0.0,0.0
12,12,0.0,0.0
12,13,0.0,0.0
13,1,0.0,0.0
13,2,0.0,0.0
13,3,0.0,0.0
13,4,0.0,0.0
13,5,0.0,0.0
13,6,0.0,0.0
13,7,0.05,0.05
13,8,0.05,0.0
14,1,0.1,0.1
14,2,0.05,0.1
14,3,0.0,0.0
14,4,0.15,0.05
14,5,0.05,0.0
14,6,0.05,0.0
14,7,0.05,0.1
14,8,0.05,0.0
15,1,0.0,0.0
15,2,0.0,0.0
15,3,0.0,0.0
15,4,0.0,0.0
15,5,0.0,0.0
15,6,0.0,0.0
15,7,0.0,0.0
15,8,0.0,0.0
15,9,0.0,0.0
15,10,0.0,0.0
16,1,0.0,0.0
16,2,0.0,0.0
16,3,0.0,0.0
16,4,0.0,0.0
16,5,0.0,0.0
16,6,0.05,0.0
16,7,0.0,0.0
16,8,0.0,0.0
16,9,0.0,0.0
16,10,0.0,0.0
16,11,0.0,0.0
17,1,0.1,0.1
17,2,0.05,0.1
17,3,0.1,0.1
17,4,0.0,0.05
17,5,0.0,0.0
17,6,0.05,0.1
17,7,0.0,0.0
17,8,0.0,0.0
18,1,0.05,0.0
18,2,0.0,0.0
18,3,0.0,0.0
18,4,0.0,0.0
18,5,0.05,0.05
18,6,0.0,0.0
18,7,0.0,0.0
19,1,0.05,0.05
19,2,0.0,0.0
19,3,0.0,0.0
19,4,0.1,0.0
19,5,0.0,0.0
19,6,0.0,0.0
19,7,0.0,0.0
19,8,0.0,0.0
19,9,0.0,0.0
20,1,0.0,0.0
20,2,0.05,0.05
20,3,0.05,0.05
20,4,0.0,0.0
20,5,0.0,0.0
20,6,0.0,0.0
20,7,0.0,0.0
20,8,0.05,0.0
21,1,0.0,0.0
21,2,0.0,0.0
21,3,0.05,0.0
21,4,0.0,0.0
21,5,0.0,0.0
21,6,0.0,0.0
21,7,0.0,0.0
22,1,0.0,0.0
22,2,0.0,0.0
22,3,0.0,0.0
22,4,0.0,0.0
22,5,0.0,0.0
22,6,0.0,0.0
22,7,0.0,0.0
22,8,0.0,0.0
22,9,0.0,0.0
22,10,0.0,0.0
23,1,0.0,0.0
23,2,0.0,0.0
23,3,0.0,0.0
23,4,0.0,0.0
23,5,0.0,0.0
23,6,0.0,0.0
23,7,0.0,0.0
24,1,0.0,0.0
24,2,0.0,0.0
24,3,0.0,0.0
24,4,0.0,0.0
24,5,0.05,0.0
24,6,0.0,0.0
24,7,0.0,0.0
25,1,0.0,0.0
25,2,0.0,0.0
25,3,0.0,0.0
25,4,0.0,0.0
25,5,0.0,0.0
25,6,0.0,0.0
25,7,0.0,0.0
25,8,0.0,0.0
25,9,0.0,0.0
26,1,0.0,0.0
26,2,0.0,0.0
26,3,0.0,0.05
26,4,0.0,0.0
26,5,0.0,0.0
26,6,0.0,0.0
26,7,0.0,0.0
27,1,0.0,0.0
27,2,0.0,0.0
27,3,0.0,0.0
27,4,0.0,0.0
27,5,0.0,0.0
27,6,0.0,0.0
28,1,0.0,0.0
28,2,0.0,0.0
28,3,0.0,0.0
28,4,0.0,0.0
28,5,0.0,0.0
28,6,0.0,0.0
28,7,0.0,0.0
28,8,0.0,0.0
29,1,0.0,0.0
29,2,0.05,0.05
29,3,0.0,0.05
29,4,0.0,0.0
29,5,0.0,0.0
29,6,0.0,0.0
29,7,0.0,0.0
29,8,0.0,0.0
29,9,0.0,0.0
30,1,0.0,0.0
30,2,0.0,0.0
30,3,0.0,0.0
30,4,0.0,0.0
30,5,0.0,0.05
30,6,0.0,0.0
30,7,0.0,0.0
31,1,0.0,0.0
31,2,0.0,0.0
31,3,0.0,0.0
31,4,0.0,0.0
31,5,0.0,0.0
31,6,0.0,0.0
31,7,0.0,0.0
31,8,0.0,0.0
31,9,0.0,0.0
32,1,0.0,0.0
32,2,0.0,0.0
32,3,0.05,0.05
32,4,0.0,0.0
32,5,0.0,0.0
32,6,0.0,0.0
32,7,0.0,0.0
33,1,0.15,0.1
33,2,0.0,0.0
33,3,0.0,0.0
33,4,0.0,0.1
33,5,0.15,0.05
33,6,0.05,0.05
33,7,0.15,0.1
33,8,0.1,0.15
33,9,0.05,0.05
33,10,0.0,0.0
34,1,0.0,0.0
34,2,0.0,0.0
34,3,0.0,0.0
34,4,0.0,0.0
34,5,0.0,0.0
34,6,0.0,0.0
34,7,0.0,0.0
34,8,0.0,0.0
34,9,0.0,0.0
35,1,0.0,0.0
35,2,0.0,0.0
35,3,0.0,0.0
35,4,0.0,0.0
35,5,0.0,0.0
35,6,0.0,0.0
35,7,0.0,0.0
36,1,0.0,0.0
36,2,0.0,0.0
36,3,0.05,0.0
36,4,0.05,0.05
36,5,0.0,0.0
36,6,0.0,0.0
36,7,0.0,0.0
36,8,0.0,0.0
36,9,0.0,0.0
37,1,0.0,0.0
37,2,0.0,0.0
37,3,0.0,0.0
37,4,0.0,0.0
37,5,0.0,0.0
37,6,0.0,0.0
37,7,0.0,0.0
37,8,0.0,0.0
37,9,0.0,0.0
37,10,0.0,0.0
37,11,0.0,0.0
38,1,0.0,0.0
38,2,0.05,0.0
38,3,0.0,0.0
38,4,0.0,0.0
38,5,0.0,0.0
38,6,0.0,0.05
38,7,0.05,0.0
38,8,0.0,0.05
39,1,0.0,0.0
39,2,0.0,0.0
39,3,0.0,0.0
39,4,0.0,0.0
39,5,0.0,0.0
39,6,0.0,0.0
39,7,0.0,0.0
39,8,0.0,0.0
39,9,0.0,0.0
39,10,0.0,0.0
40,1,0.0,0.0
40,2,0.0,0.0
40,3,0.0,0.0
40,4,0.0,0.0
40,5,0.0,0.0
40,6,0.0,0.0
40,7,0.0,0.0
40,8,0.05,0.05
40,9,0.0,0.0
41,1,0.0,0.0
41,2,0.0,0.0
41,3,0.0,0.0
41,4,0.0,0.0
41,5,0.05,0.0
41,6,0.0,0.0
41,7,0.0,0.0
42,1,0.0,0.0
42,2,0.0,0.0
42,3,0.0,0.0
42,4,0.0,0.0
42,5,0.0,0.0
42,6,0.0,0.0
42,7,0.0,0.0
43,1,0.0,0.0
43,2,0.0,0.0
43,3,0.0,0.0
43,4,0.0,0.0
43,5,0.0,0.0
43,6,0.0,0.0
43,7,0.0,0.0
44,1,0.0,0.0
44,2,0.0,0.0
44,3,0.0,0.0
44,4,0.0,0.0
44,5,0.05,0.0
44,6,0.0,0.0
44,7,0.0,0.0
45,1,0.0,0.0
45,2,0.0,0.0
45,3,0.0,0.0
45,4,0.0,0.0
45,5,0.0,0.0
45,6,0.0,0.0
45,7,0.0,0.0
46,1,0.0,0.0
46,2,0.0,0.0
46,3,0.1,0.0
46,4,0.0,0.0
46,5,0.0,0.0
46,6,0.05,0.05
46,7,0.0,0.0
46,8,0.0,0.0
46,9,0.0,0.0
46,10,0.0,0.0
46,11,0.0,0.0
47,1,0.0,0.0
47,2,0.0,0.0
47,3,0.0,0.0
47,4,0.0,0.0
47,5,0.0,0.0
47,6,0.0,0.0
47,7,0.0,0.0
47,8,0.0,0.0
47,9,0.0,0.0
48,1,0.0,0.0
48,2,0.0,0.0
48,3,0.0,0.0
48,4,0.0,0.0
48,5,0.0,0.0
48,6,0.0,0.0
48,7,0.0,0.0
48,8,0.0,0.0
48,9,0.0,0.0
49,1,0.05,0.25
49,2,0.25,0.15
49,3,0.1,0.1
49,4,0.2,0.1
49,5,0.0,0.0
49,6,0.15,0.15
49,7,0.2,0.1
49,8,0.25,0.35
49,9,0.15,0.15
49,10,0.0,0.0
49,11,0.4,0.4
49,12,0.1,0.25
49,13,0.0,0.0
50,1,0.0,0.0
50,2,0.0,0.0
50,3,0.0,0.0
50,4,0.0,0.0
50,5,0.05,0.05
50,6,0.0,0.0
50,7,0.0,0.0
51,1,0.0,0.0
51,2,0.0,0.0
51,3,0.0,0.0
51,4,0.0,0.0
51,5,0.0,0.0
51,6,0.0,0.0
51,7,0.0,0.0
51,8,0.0,0.0
52,1,0.0,0.0
52,2,0.0,0.0
52,3,0.0,0.0
52,4,0.05,0.0
52,5,0.0,0.0
52,6,0.0,0.0
52,7,0.0,0.0
52,8,0.0,0.0
53,1,0.0,0.0
53,2,0.0,0.0
53,3,0.0,0.0
53,4,0.0,0.0
53,5,0.0,0.0
53,6,0.0,0.0
53,7,0.0,0.0
54,1,0.0,0.0
54,2,0.0,0.0
54,3,0.0,0.0
54,4,0.0,0.0
54,5,0.0,0.0
54,6,0.0,0.0
54,7,0.0,0.0
54,8,0.0,0.0
54,9,0.0,0.0
55,1,0.0,0.05
55,2,0.0,0.0
55,3,0.0,0.0
55,4,0.0,0.0
55,5,0.0,0.0
55,6,0.0,0.0
55,7,0.0,0.0
56,1,0.05,0.05
56,2,0.05,0.05
56,3,0.0,0.0
56,4,0.0,0.0
56,5,0.05,0.05
56,6,0.0,0.0
56,7,0.0,0.0
56,8,0.0,0.0
56,9,0.0,0.0
56,10,0.0,0.0
56,11,0.0,0.0
57,1,0.0,0.0
57,2,0.0,0.0
57,3,0.0,0.0
57,4,0.0,0.0
57,5,0.0,0.0
57,6,0.0,0.0
57,7,0.0,0.0
58,1,0.0,0.0
58,2,0.0,0.0
58,3,0.0,0.0
58,4,0.0,0.0
58,5,0.0,0.0
58,6,0.0,0.0
58,7,0.0,0.0
58,8,0.0,0.0
58,9,0.0,0.0
59,1,0.0,0.05
59,2,0.05,0.05
59,3,0.0,0.0
59,4,0.0,0.0
59,5,0.0,0.0
59,6,0.0,0.0
59,7,0.05,0.0
59,8,0.0,0.0
60,1,0.0,0.0
60,2,0.0,0.0
60,3,0.0,0.0
60,4,0.0,0.0
60,5,0.0,0.0
60,6,0.0,0.0
60,7,0.0,0.0
60,8,0.0,0.0
60,9,0.0,0.0
61,1,0.05,0.05
61,2,0.0,0.05
61,3,0.0,0.05
61,4,0.0,0.0
61,5,0.0,0.0
61,6,0.0,0.0
61,7,0.0,0.0
62,1,0.0,0.0
62,2,0.0,0.0
62,3,0.0,0.0
62,4,0.0,0.0
62,5,0.0,0.0
62,6,0.05,0.05
62,7,0.0,0.0
62,8,0.0,0.0
63,1,0.0,0.05
63,2,0.0,0.05
63,3,0.0,0.0
63,4,0.0,0.0
63,5,0.0,0.0
63,6,0.0,0.0
64,1,0.0,0.0
64,2,0.05,0.0
64,3,0.0,0.0
64,4,0.0,0.0
64,5,0.0,0.0
64,6,0.05,0.0
64,7,0.0,0.05
64,8,0.0,0.0
65,1,0.05,0.0
65,2,0.0,0.0
65,3,0.0,0.0
65,4,0.05,0.05
65,5,0.0,0.0
65,6,0.0,0.0
65,7,0.0,0.0
65,8,0.0,0.0
66,1,0.0,0.0
66,2,0.0,0.0
66,3,0.0,0.0
66,4,0.0,0.0
66,5,0.0,0.0
66,6,0.0,0.0
66,7,0.0,0.0
66,8,0.0,0.0
66,9,0.0,0.0
66,10,0.0,0.0
67,1,0.25,0.2
67,2,0.15,0.15
67,3,0.0,0.05
67,4,0.15,0.15
67,5,0.1,0.05
67,6,0.25,0.15
67,7,0.15,0.15
68,1,0.0,0.0
68,2,0.0,0.0
68,3,0.0,0.0
68,4,0.0,0.0
68,5,0.0,0.0
68,6,0.0,0.0
68,7,0.0,0.0
69,1,0.0,0.0
69,2,0.0,0.0
69,3,0.0,0.0
69,4,0.0,0.0
69,5,0.0,0.0
69,6,0.0,0.0
69,7,0.0,0.0
69,8,0.0,0.0
69,9,0.0,0.0
69,10,0.0,0.0
69,11,0.0,0.0
69,12,0.0,0.0
70,1,0.0,0.0
70,2,0.0,0.0
70,3,0.0,0.0
70,4,0.0,0.0
70,5,0.0,0.0
70,6,0.0,0.0
70,7,0.0,0.0
70,8,0.0,0.0
70,9,0.0,0.05
71,1,0.0,0.0
71,2,0.0,0.0
71,3,0.0,0.0
71,4,0.0,0.0
71,5,0.0,0.0
71,6,0.0,0.0
71,7,0.0,0.0
71,8,0.0,0.0
71,9,0.0,0.0
71,10,0.0,0.0
71,11,0.0,0.0
72,1,0.0,0.0
72,2,0.0,0.0
72,3,0.0,0.0
72,4,0.0,0.0
72,5,0.0,0.0
72,6,0.0,0.0
72,7,0.0,0.0
73,1,0.0,0.0
73,2,0.0,0.0
73,3,0.0,0.0
73,4,0.0,0.0
73,5,0.0,0.0
73,6,0.0,0.0
73,7,0.0,0.0
73,8,0.05,0.0
73,9,0.0,0.0
73,10,0.0,0.0
73,11,0.0,0.0
73,12,0.0,0.0
74,1,0.05,0.0
74,2,0.0,0.0
74,3,0.0,0.05
74,4,0.0,0.0
74,5,0.0,0.0
74,6,0.0,0.0
74,7,0.0,0.0
74,8,0.0,0.0
74,9,0.05,0.05
75,1,0.0,0.0
75,2,0.0,0.0
75,3,0.0,0.0
75,4,0.0,0.0
75,5,0.0,0.0
75,6,0.0,0.0
76,1,0.05,0.05
76,2,0.0,0.0
76,3,0.0,0.0
76,4,0.0,0.0
76,5,0.0,0.0
76,6,0.0,0.0
76,7,0.0,0.0
76,8,0.05,0.05
76,9,0.0,0.0
77,1,0.0,0.0
77,2,0.0,0.0
77,3,0.0,0.0
77,4,0.0,0.0
77,5,0.0,0.0
77,6,0.0,0.0
77,7,0.0,0.0
77,8,0.0,0.0
78,1,0.0,0.05
78,2,0.0,0.0
78,3,0.0,0.0
78,4,0.0,0.05
78,5,0.0,0.0
78,6,0.0,0.0
78,7,0.0,0.0
79,1,0.0,0.0
79,2,0.05,0.0
79,3,0.0,0.0
79,4,0.0,0.0
79,5,0.0,0.0
79,6,0.0,0.0
79,7,0.0,0.0
80,1,0.0,0.0
80,2,0.0,0.0
80,3,0.0,0.0
80,4,0.0,0.0
80,5,0.0,0.0
80,6,0.0,0.0
80,7,0.0,0.0
81,1,0.05,0.05
81,2,0.05,0.05
81,3,0.0,0.0
81,4,0.0,0.0
81,5,0.0,0.0
81,6,0.05,0.0
81,7,0.0,0.0
81,8,0.0,0.0
82,1,0.0,0.0
82,2,0.0,0.0
82,3,0.0,0.0
82,4,0.0,0.0
82,5,0.0,0.0
82,6,0.0,0.0
82,7,0.0,0.0
82,8,0.0,0.0
82,9,0.0,0.0
83,1,0.05,0.1
83,2,0.05,0.0
83,3,0.0,0.1
83,4,0.0,0.0
83,5,0.0,0.0
83,6,0.0,0.0
83,7,0.0,0.0
84,1,0.0,0.0
84,2,0.1,0.05
84,3,0.05,0.0
84,4,0.0,0.0
84,5,0.0,0.0
84,6,0.0,0.0
84,7,0.0,0.05
84,8,0.05,0.05
84,9,0.0,0.0
85,1,0.05,0.05
85,2,0.05,0.05
85,3,0.0,0.0
85,4,0.0,0.0
85,5,0.0,0.05
85,6,0.0,0.0
86,1,0.0,0.0
86,2,0.0,0.0
86,3,0.05,0.05
86,4,0.0,0.0
86,5,0.0,0.0
86,6,0.05,0.0
86,7,0.1,0.05
86,8,0.0,0.0
87,1,0.0,0.0
87,2,0.0,0.0
87,3,0.0,0.0
87,4,0.0,0.0
87,5,0.0,0.0
87,6,0.0,0.0
87,7,0.0,0.0
87,8,0.0,0.0
87,9,0.0,0.0
87,10,0.0,0.0
88,1,0.0,0.0
88,2,0.0,0.0
88,3,0.0,0.0
88,4,0.0,0.0
88,5,0.0,0.0
88,6,0.0,0.0
88,7,0.05,0.0
88,8,0.05,0.05
88,9,0.0,0.0
88,10,0.0,0.0
89,1,0.0,0.0
89,2,0.0,0.0
89,3,0.0,0.0
89,4,0.0,0.0
89,5,0.0,0.0
89,6,0.0,0.0
89,7,0.0,0.0
89,8,0.05,0.0
89,9,0.0,0.0
90,1,0.1,0.1
90,2,0.0,0.0
90,3,0.0,0.0
90,4,0.05,0.05
90,5,0.0,0.0
90,6,0.0,0.0
90,7,0.0,0.0
90,8,0.0,0.05
90,9,0.0,0.0
90,10,0.0,0.0
91,1,0.0,0.0
91,2,0.0,0.0
91,3,0.0,0.0
91,4,0.0,0.0
91,5,0.0,0.0
91,6,0.1,0.0
91,7,0.0,0.0
91,8,0.1,0.0
91,9,0.0,0.0
91,10,0.0,0.0
92,1,0.0,0.0
92,2,0.0,0.0
92,3,0.0,0.0
92,4,0.0,0.05
92,5,0.0,0.0
92,6,0.0,0.0
92,7,0.0,0.0
93,1,0.05,0.0
93,2,0.0,0.0
93,3,0.0,0.0
93,4,0.0,0.0
93,5,0.0,0.0
93,6,0.0,0.0
93,7,0.0,0.0
93,8,0.0,0.0
94,1,0.0,0.0
94,2,0.0,0.0
94,3,0.0,0.0
94,4,0.0,0.0
94,5,0.0,0.0
94,6,0.0,0.0
94,7,0.05,0.0
94,8,0.0,0.0
94,9,0.05,0.0
94,10,0.0,0.0
94,11,0.0,0.0
95,1,0.0,0.0
95,2,0.0,0.0
95,3,0.0,0.0
95,4,0.0,0.0
95,5,0.0,0.0
95,6,0.0,0.0
95,7,0.0,0.0
96,1,0.05,0.0
96,2,0.0,0.0
96,3,0.0,0.0
96,4,0.0,0.0
96,5,0.05,0.05
97,1,0.05,0.05
97,2,0.0,0.0
97,3,0.0,0.0
97,4,0.05,0.05
97,5,0.0,0.0
97,6,0.0,0.0
97,7,0.05,0.05
97,8,0.0,0.0
98,1,0.0,0.0
98,2,0.0,0.0
98,3,0.0,0.0
98,4,0.0,0.0
98,5,0.0,0.0
98,6,0.0,0.0
98,7,0.0,0.0
98,8,0.0,0.0
99,1,0.0,0.0
99,2,0.0,0.0
99,3,0.05,0.05
99,4,0.05,0.0
99,5,0.0,0.0
99,6,0.0,0.0
99,7,0.0,0.0
99,8,0.05,0.0
99,9,0.0,0.0
100,1,0.0,0.0
100,2,0.0,0.0
100,3,0.0,0.0
100,4,0.0,0.0
100,5,0.0,0.0
101,1,0.0,0.0
101,2,0.0,0.0
101,3,0.05,0.0
101,4,0.05,0.0
101,5,0.0,0.0
101,6,0.0,0.05
101,7,0.0,0.05
101,8,0.0,0.0
101,9,0.0,0.0
101,10,0.0,0.05
102,1,0.0,0.0
102,2,0.0,0.0
102,3,0.0,0.0
102,4,0.0,0.0
102,5,0.0,0.0
102,6,0.0,0.0
102,7,0.0,0.0
103,1,0.0,0.0
103,2,0.05,0.1
103,3,0.0,0.0
103,4,0.0,0.05
103,5,0.05,0.1
103,6,0.0,0.05
104,1,0.0,0.0
104,2,0.0,0.05
104,3,0.0,0.0
104,4,0.0,0.0
104,5,0.0,0.0
104,6,0.0,0.0
104,7,0.05,0.0
104,8,0.0,0.0
105,1,0.0,0.0
105,2,0.0,0.0
105,3,0.0,0.0
105,4,0.0,0.0
105,5,0.0,0.0
105,6,0.05,0.0
105,7,0.0,0.0
105,8,0.0,0.0
106,1,0.05,0.05
106,2,0.1,0.1
106,3,0.1,0.1
106,4,0.05,0.1
106,5,0.0,0.0
106,6,0.05,0.05
106,7,0.0,0.0
107,1,0.0,0.0
107,2,0.0,0.0
107,3,0.05,0.05
107,4,0.05,0.05
107,5,0.0,0.0
107,6,0.0,0.0
107,7,0.05,0.0
107,8,0.0,0.0
107,9,0.0,0.0
108,1,0.1,0.05
108,2,0.1,0.05
108,3,0.05,0.0
108,4,0.0,0.0
108,5,0.15,0.15
109,1,0.05,0.0
109,2,0.1,0.15
109,3,0.0,0.05
109,4,0.0,0.0
109,5,0.1,0.1
109,6,0.05,0.0
109,7,0.0,0.0
110,1,0.0,0.0
110,2,0.0,0.0
110,3,0.0,0.0
110,4,0.0,0.0
110,5,0.0,0.0
110,6,0.0,0.0
110,7,0.0,0.0
110,8,0.0,0.0
111,1,0.1,0.1
111,2,0.05,0.1
111,3,0.05,0.1
111,4,0.0,0.0
111,5,0.0,0.0
111,6,0.05,0.05
111,7,0.0,0.0
111,8,0.0,0.0
111,9,0.0,0.0
111,10,0.0,0.0
111,11,0.0,0.0
112,1,0.0,0.0
112,2,0.0,0.0
112,3,0.05,0.0
112,4,0.0,0.0
112,5,0.0,0.0
112,6,0.0,0.0
112,7,0.0,0.0
113,1,0.0,0.0
113,2,0.0,0.0
113,3,0.0,0.0
113,4,0.0,0.0
113,5,0.0,0.0
113,6,0.0,0.0
114,1,0.0,0.0
114,2,0.0,0.1
114,3,0.0,0.05
114,4,0.0,0.0
114,5,0.0,0.0
114,6,0.0,0.0
114,7,0.05,0.0
114,8,0.0,0.0
115,1,0.0,0.0
115,2,0.0,0.0
115,3,0.05,0.05
115,4,0.0,0.0
115,5,0.05,0.05
115,6,0.0,0.0
115,7,0.0,0.0
116,1,0.0,0.0
116,2,0.0,0.0
116,3,0.0,0.0
116,4,0.05,0.0
116,5,0.0,0.0
116,6,0.0,0.0
116,7,0.0,0.0
116,8,0.0,0.0
117,1,0.0,0.0
117,2,0.0,0.0
117,3,0.0,0.0
117,4,0.0,0.0
117,5,0.0,0.0
117,6,0.05,0.0
117,7,0.0,0.0
117,8,0.0,0.05
118,1,0.0,0.0
118,2,0.0,0.0
118,3,0.0,0.0
118,4,0.0,0.0
118,5,0.0,0.0
118,6,0.0,0.0
118,7,0.0,0.0
118,8,0.0,0.0
118,9,0.0,0.0
119,1,0.0,0.0
119,2,0.0,0.0
119,3,0.0,0.0
119,4,0.0,0.0
119,5,0.0,0.0
119,6,0.0,0.0
119,7,0.0,0.0
119,8,0.0,0.0
119,9,0.0,0.0
120,1,0.0,0.0
120,2,0.0,0.0
120,3,0.0,0.0
120,4,0.0,0.0
120,5,0.0,0.0
120,6,0.0,0.0
120,7,0.0,0.0
120,8,0.0,0.0
120,9,0.0,0.0
120,10,0.0,0.0
120,11,0.0,0.0
120,12,0.05,0.05
121,1,0.0,0.0
121,2,0.0,0.0
121,3,0.0,0.0
121,4,0.0,0.0
121,5,0.0,0.0
121,6,0.0,0.0
121,7,0.0,0.05
121,8,0.0,0.0
121,9,0.0,0.0
122,1,0.0,0.0
122,2,0.0,0.0
122,3,0.0,0.0
122,4,0.0,0.0
122,5,0.0,0.0
122,6,0.0,0.0
122,7,0.0,0.0
122,8,0.0,0.0
123,1,0.0,0.0
123,2,0.0,0.0
123,3,0.0,0.0
123,4,0.0,0.0
123,5,0.0,0.0
123,6,0.0,0.0
123,7,0.0,0.0
123,8,0.0,0.0
123,9,0.05,0.0
124,1,0.0,0.0
124,2,0.05,0.05
124,3,0.0,0.0
124,4,0.0,0.0
124,5,0.0,0.0
124,6,0.0,0.0
124,7,0.0,0.0
124,8,0.0,0.0
124,9,0.0,0.05
125,1,0.0,0.0
125,2,0.0,0.0
125,3,0.0,0.0
125,4,0.0,0.05
125,5,0.0,0.0
125,6,0.0,0.0
125,7,0.0,0.05
125,8,0.0,0.05
125,9,0.0,0.0
125,10,0.0,0.0
126,1,0.0,0.0
126,2,0.0,0.0
126,3,0.0,0.0
126,4,0.0,0.0
126,5,0.0,0.0
126,6,0.0,0.0
126,7,0.0,0.0
126,8,0.0,0.0
126,9,0.0,0.0
127,1,0.0,0.0
127,2,0.0,0.0
127,3,0.0,0.0
127,4,0.0,0.0
127,5,0.0,0.0
127,6,0.0,0.0
127,7,0.0,0.0
127,8,0.0,0.0
127,9,0.0,0.0
127,10,0.0,0.0
128,1,0.05,0.0
128,2,0.05,0.05
128,3,0.1,0.0
128,4,0.0,0.0
128,5,0.0,0.0
128,6,0.0,0.0
128,7,0.0,0.0
128,8,0.0,0.05
128,9,0.0,0.0
128,10,0.0,0.0
129,1,0.0,0.0
129,2,0.0,0.0
129,3,0.0,0.0
129,4,0.0,0.0
129,5,0.0,0.0
129,6,0.0,0.0
129,7,0.0,0.0
130,1,0.0,0.0
130,2,0.0,0.0
130,3,0.0,0.0
130,4,0.0,0.0
130,5,0.0,0.0
130,6,0.0,0.0
130,7,0.0,0.0
130,8,0.05,0.0
130,9,0.0,0.0
130,10,0.05,0.0
131,1,0.0,0.0
131,2,0.0,0.05
131,3,0.0,0.0
131,4,0.0,0.0
131,5,0.0,0.0
131,6,0.0,0.0
131,7,0.0,0.0
131,8,0.05,0.05
132,1,0.05,0.05
132,2,0.0,0.0
132,3,0.05,0.0
132,4,0.0,0.0
132,5,0.0,0.0
132,6,0.05,0.05
133,1,0.0,0.0
133,2,0.05,0.0
133,3,0.0,0.0
133,4,0.0,0.0
133,5,0.0,0.0
133,6,0.05,0.05
133,7,0.0,0.0
133,8,0.05,0.1
133,9,0.0,0.0
134,1,0.0,0.0
134,2,0.0,0.0
134,3,0.0,0.05
134,4,0.0,0.0
134,5,0.0,0.0
134,6,0.0,0.0
134,7,0.0,0.0
135,1,0.0,0.0
135,2,0.0,0.0
135,3,0.0,0.0
135,4,0.0,0.0
135,5,0.0,0.0
135,6,0.0,0.0
135,7,0.0,0.0
136,1,0.0,0.0
136,2,0.0,0.0
136,3,0.0,0.0
136,4,0.0,0.0
136,5,0.0,0.0
136,6,0.0,0.0
136,7,0.0,0.0
136,8,0.0,0.0
136,9,0.0,0.0
136,10,0.0,0.0
137,1,0.05,0.0
137,2,0.0,0.0
137,3,0.0,0.0
137,4,0.0,0.0
137,5,0.0,0.0
137,6,0.0,0.0
137,7,0.0,0.0
137,8,0.0,0.0
138,1,0.0,0.0
138,2,0.0,0.0
138,3,0.0,0.0
138,4,0.0,0.0
138,5,0.0,0.0
138,6,0.0,0.0
138,7,0.0,0.0
138,8,0.0,0.0
138,9,0.0,0.0
139,1,0.0,0.0
139,2,0.0,0.0
139,3,0.0,0.0
139,4,0.05,0.05
139,5,0.05,0.05
139,6,0.0,0.0
139,7,0.0,0.0
140,1,0.0,0.0
140,2,0.0,0.0
140,3,0.0,0.0
140,4,0.0,0.0
140,5,0.0,0.0
140,6,0.0,0.0
141,1,0.0,0.0
141,2,0.0,0.0
141,3,0.0,0.0
141,4,0.0,0.05
141,5,0.0,0.05
141,6,0.0,0.05
141,7,0.0,0.0
142,1,0.0,0.0
142,2,0.0,0.0
142,3,0.0,0.0
142,4,0.0,0.0
142,5,0.0,0.0
142,6,0.0,0.0
143,1,0.0,0.0
143,2,0.0,0.05
143,3,0.0,0.05
143,4,0.0,0.0
143,5,0.05,0.0
143,6,0.0,0.0
143,7,0.0,0.0
143,8,0.0,0.0
143,9,0.05,0.05
143,10,0.0,0.0
144,1,0.0,0.05
144,2,0.0,0.0
144,3,0.0,0.0
144,4,0.0,0.0
144,5,0.0,0.0
144,6,0.0,0.0
144,7,0.0,0.0
144,8,0.0,0.05
144,9,0.0,0.0
144,10,0.0,0.0
144,11,0.0,0.0
145,1,0.0,0.0
145,2,0.0,0.0
145,3,0.0,0.0
145,4,0.0,0.0
145,5,0.0,0.0
145,6,0.0,0.0
145,7,0.0,0.0
145,8,0.0,0.0
145,9,0.0,0.0
146,1,0.0,0.0
146,2,0.0,0.0
146,3,0.0,0.0
146,4,0.0,0.0
146,5,0.0,0.0
146,6,0.0,0.0
146,7,0.0,0.0
146,8,0.05,0.0
147,1,0.0,0.0
147,2,0.0,0.0
147,3,0.0,0.0
147,4,0.0,0.0
147,5,0.0,0.0
147,6,0.0,0.0
147,7,0.0,0.0
148,1,0.0,0.0
148,2,0.0,0.0
148,3,0.0,0.0
148,4,0.0,0.0
148,5,0.0,0.0
149,1,0.0,0.0
149,2,0.05,0.0
149,3,0.0,0.0
149,4,0.0,0.0
149,5,0.0,0.0
149,6,0.0,0.0
149,7,0.0,0.0
149,8,0.05,0.0
149,9,0.0,0.0
149,10,0.0,0.0
149,11,0.0,0.0
149,12,0.0,0.0
149,13,0.0,0.0
149,14,0.05,0.0
150,1,0.0,0.0
150,2,0.0,0.0
150,3,0.0,0.0
150,4,0.0,0.0
150,5,0.0,0.0
150,6,0.0,0.0
150,7,0.0,0.0
150,8,0.0,0.0
151,1,0.0,0.0
151,2,0.0,0.0
151,3,0.0,0.05
151,4,0.0,0.0
151,5,0.05,0.05
151,6,0.0,0.0
151,7,0.0,0.0
152,1,0.05,0.05
152,2,0.1,0.05
152,3,0.0,0.0
152,4,0.0,0.0
152,5,0.0,0.0
152,6,0.0,0.0
152,7,0.0,0.0
153,1,0.0,0.0
153,2,0.0,0.0
153,3,0.0,0.0
153,4,0.0,0.0
153,5,0.0,0.1
153,6,0.0,0.05
153,7,0.0,0.05
153,8,0.0,0.0
153,9,0.05,0.05
153,10,0.0,0.0
153,11,0.0,0.0
153,12,0.0,0.0
153,13,0.05,0.05
154,1,0.0,0.0
154,2,0.0,0.0
154,3,0.0,0.0
154,4,0.0,0.0
154,5,0.0,0.0
154,6,0.0,0.0
154,7,0.0,0.0
154,8,0.0,0.0
154,9,0.0,0.0
154,10,0.0,0.0
155,1,0.05,0.0
155,2,0.0,0.0
155,3,0.0,0.0
155,4,0.0,0.0
155,5,0.0,0.0
155,6,0.05,0.05
155,7,0.05,0.0
156,1,0.05,0.05
156,2,0.05,0.05
156,3,0.05,0.0
156,4,0.05,0.05
156,5,0.0,0.05
156,6,0.0,0.0
156,7,0.0,0.0
156,8,0.0,0.0
156,9,0.0,0.0
157,1,0.0,0.0
157,2,0.05,0.0
157,3,0.0,0.0
157,4,0.0,0.0
157,5,0.0,0.0
157,6,0.0,0.0
157,7,0.0,0.0
158,1,0.05,0.05
158,2,0.0,0.0
158,3,0.05,0.0
158,4,0.05,0.05
158,5,0.05,0.05
158,6,0.0,0.0
158,7,0.0,0.0
159,1,0.0,0.0
159,2,0.0,0.0
159,3,0.0,0.0
159,4,0.0,0.0
159,5,0.0,0.0
159,6,0.0,0.0
159,7,0.0,0.0
160,1,0.0,0.0
160,2,0.0,0.0
160,3,0.0,0.0
160,4,0.0,0.0
160,5,0.0,0.0
160,6,0.0,0.0
160,7,0.0,0.0
161,1,0.0,0.0
161,2,0.0,0.0
161,3,0.0,0.0
161,4,0.0,0.0
161,5,0.0,0.05
161,6,0.05,0.0
161,7,0.0,0.0
162,1,0.0,0.0
162,2,0.05,0.05
162,3,0.05,0.05
162,4,0.0,0.0
162,5,0.0,0.0
162,6,0.0,0.0
162,7,0.0,0.0
162,8,0.0,0.0
162,9,0.0,0.0
162,10,0.0,0.0
162,11,0.0,0.0
163,1,0.05,0.05
163,2,0.0,0.05
163,3,0.0,0.0
163,4,0.0,0.0
163,5,0.0,0.0
163,6,0.0,0.0
164,1,0.0,0.0
164,2,0.05,0.0
164,3,0.0,0.0
164,4,0.0,0.0
164,5,0.05,0.05
164,6,0.05,0.05
164,7,0.05,0.0
164,8,0.0,0.0
164,9,0.0,0.0
165,1,0.0,0.0
165,2,0.0,0.0
165,3,0.0,0.0
165,4,0.0,0.0
165,5,0.0,0.0
165,6,0.0,0.0
165,7,0.0,0.0
166,1,0.2,0.2
166,2,0.15,0.15
166,3,0.1,0.15
166,4,0.1,0.1
166,5,0.15,0.2
166,6,0.1,0.2
166,7,0.0,0.0
166,8,0.15,0.1
167,1,0.0,0.0
167,2,0.05,0.05
167,3,0.0,0.0
167,4,0.0,0.0
167,5,0.0,0.0
167,6,0.0,0.0
167,7,0.0,0.0
167,8,0.0,0.0
167,9,0.0,0.0
167,10,0.0,0.0
168,1,0.15,0.15
168,2,0.0,0.0
168,3,0.05,0.0
168,4,0.0,0.0
168,5,0.05,0.1
168,6,0.0,0.0
168,7,0.05,0.1
168,8,0.05,0.05
168,9,0.05,0.1
169,1,0.0,0.05
169,2,0.0,0.0
169,3,0.05,0.0
169,4,0.05,0.05
169,5,0.05,0.0
169,6,0.05,0.05
169,7,0.0,0.05
169,8,0.05,0.05
169,9,0.0,0.0
170,1,0.0,0.05
170,2,0.0,0.05
170,3,0.0,0.0
170,4,0.0,0.0
170,5,0.0,0.0
170,6,0.0,0.0
170,7,0.0,0.0
170,8,0.0,0.0
171,1,0.0,0.0
171,2,0.0,0.0
171,3,0.0,0.0
171,4,0.0,0.0
171,5,0.0,0.0
171,6,0.0,0.0
171,7,0.0,0.0
171,8,0.0,0.0
171,9,0.0,0.0
172,1,0.05,0.05
172,2,0.1,0.2
172,3,0.0,0.1
172,4,0.0,0.05
172,5,0.0,0.05
172,6,0.15,0.1
172,7,0.0,0.15
173,1,0.0,0.0
173,2,0.0,0.0
173,3,0.05,0.05
173,4,0.05,0.05
173,5,0.0,0.0
173,6,0.0,0.0
173,7,0.05,0.05
173,8,0.0,0.0
174,1,0.05,0.1
174,2,0.0,0.0
174,3,0.0,0.0
174,4,0.0,0.1
174,5,0.05,0.1
174,6,0.0,0.0
174,7,0.1,0.1
175,1,0.0,0.0
175,2,0.05,0.05
175,3,0.05,0.05
175,4,0.0,0.0
175,5,0.0,0.0
175,6,0.0,0.0
175,7,0.0,0.0
175,8,0.0,0.0
176,1,0.0,0.0
176,2,0.0,0.0
176,3,0.05,0.0
176,4,0.0,0.0
176,5,0.0,0.0
176,6,0.0,0.0
176,7,0.0,0.0
176,8,0.0,0.0
177,1,0.0,0.0
177,2,0.0,0.0
177,3,0.0,0.0
177,4,0.0,0.0
177,5,0.0,0.0
177,6,0.0,0.0
177,7,0.0,0.0
177,8,0.0,0.0
177,9,0.0,0.0
177,10,0.0,0.0
178,1,0.0,0.0
178,2,0.05,0.05
178,3,0.0,0.0
178,4,0.0,0.0
178,5,0.0,0.0
178,6,0.0,0.0
178,7,0.0,0.0
178,8,0.0,0.0
178,9,0.05,0.0
178,10,0.0,0.0
178,11,0.0,0.0
179,1,0.0,0.0
179,2,0.0,0.0
179,3,0.0,0.0
179,4,0.0,0.0
179,5,0.05,0.0
179,6,0.0,0.0
179,7,0.0,0.0
179,8,0.0,0.05
179,9,0.05,0.05
180,1,0.0,0.0
180,2,0.0,0.0
180,3,0.0,0.0
180,4,0.0,0.0
180,5,0.0,0.0
180,6,0.0,0.0
180,7,0.0,0.0
180,8,0.0,0.0
181,1,0.0,0.05
181,2,0.0,0.0
181,3,0.0,0.0
181,4,0.0,0.0
181,5,0.0,0.0
181,6,0.05,0.0
181,7,0.0,0.0
182,1,0.0,0.0
182,2,0.0,0.0
182,3,0.0,0.0
182,4,0.0,0.0
182,5,0.0,0.0
182,6,0.0,0.0
182,7,0.05,0.0
182,8,0.0,0.0
182,9,0.0,0.0
183,1,0.05,0.05
183,2,0.0,0.0
183,3,0.05,0.1
183,4,0.0,0.0
183,5,0.05,0.0
183,6,0.05,0.1
183,7,0.1,0.1
183,8,0.05,0.05
184,1,0.0,0.0
184,2,0.0,0.0
184,3,0.0,0.0
184,4,0.0,0.0
184,5,0.0,0.0
184,6,0.0,0.05
184,7,0.0,0.0
185,1,0.0,0.0
185,2,0.0,0.0
185,3,0.0,0.0
185,4,0.0,0.0
185,5,0.0,0.0
185,6,0.0,0.0
185,7,0.0,0.0
186,1,0.0,0.0
186,2,0.0,0.0
186,3,0.0,0.0
186,4,0.0,0.0
186,5,0.0,0.0
186,6,0.0,0.0
186,7,0.0,0.0
186,8,0.0,0.0
187,1,0.0,0.0
187,2,0.0,0.0
187,3,0.0,0.0
187,4,0.0,0.0
187,5,0.0,0.0
187,6,0.0,0.0
187,7,0.0,0.0
188,1,0.0,0.0
188,2,0.0,0.0
188,3,0.0,0.0
188,4,0.0,0.0
188,5,0.0,0.0
188,6,0.0,0.0
188,7,0.0,0.0
189,1,0.0,0.0
189,2,0.0,0.0
189,3,0.0,0.0
189,4,0.0,0.0
189,5,0.0,0.05
189,6,0.0,0.0
189,7,0.0,0.0
189,8,0.05,0.0
189,9,0.05,0.0
190,1,0.0,0.0
190,2,0.0,0.05
190,3,0.0,0.0
190,4,0.0,0.05
190,5,0.0,0.0
190,6,0.0,0.0
190,7,0.0,0.0
190,8,0.0,0.0
191,1,0.0,0.0
191,2,0.0,0.0
191,3,0.0,0.0
191,4,0.0,0.0
191,5,0.0,0.0
191,6,0.0,0.0
191,7,0.0,0.0
191,8,0.0,0.0
191,9,0.0,0.0
192,1,0.05,0.05
192,2,0.05,0.05
192,3,0.0,0.0
192,4,0.0,0.05
192,5,0.05,0.0
192,6,0.0,0.0
192,7,0.0,0.05
192,8,0.0,0.0
192,9,0.0,0.0
192,10,0.0,0.0
193,1,0.0,0.1
193,2,0.0,0.0
193,3,0.0,0.0
193,4,0.0,0.0
193,5,0.0,0.0
193,6,0.0,0.05
193,7,0.0,0.0
193,8,0.0,0.0
193,9,0.0,0.0
193,10,0.0,0.0
193,11,0.0,0.0
194,1,0.0,0.0
194,2,0.0,0.0
194,3,0.0,0.0
194,4,0.0,0.0
194,5,0.0,0.0
194,6,0.0,0.0
194,7,0.0,0.0
194,8,0.0,0.0
195,1,0.0,0.0
195,2,0.0,0.0
195,3,0.0,0.0
195,4,0.0,0.0
195,5,0.0,0.0
195,6,0.0,0.0
195,7,0.0,0.0
195,8,0.0,0.0
195,9,0.0,0.0
196,1,0.0,0.0
196,2,0.0,0.0
196,3,0.0,0.0
196,4,0.0,0.0
196,5,0.0,0.0
196,6,0.0,0.0
196,7,0.0,0.0
196,8,0.0,0.0
196,9,0.0,0.0
196,10,0.0,0.0
196,11,0.0,0.0
196,12,0.0,0.0
197,1,0.0,0.0
197,2,0.0,0.0
197,3,0.0,0.0
197,4,0.0,0.0
197,5,0.0,0.0
197,6,0.0,0.0
197,7,0.0,0.0
197,8,0.0,0.0
197,9,0.0,0.0
198,1,0.05,0.05
198,2,0.0,0.0
198,3,0.0,0.0
198,4,0.0,0.0
198,5,0.05,0.1
198,6,0.1,0.1
198,7,0.0,0.0
198,8,0.1,0.0
198,9,0.15,0.1
199,1,0.0,0.05
199,2,0.0,0.0
199,3,0.0,0.0
199,4,0.0,0.0
199,5,0.0,0.0
199,6,0.0,0.0
199,7,0.0,0.05
199,8,0.05,0.05
200,1,0.0,0.0
200,2,0.0,0.0
200,3,0.0,0.0
200,4,0.0,0.0
200,5,0.0,0.05
200,6,0.0,0.0
200,7,0.0,0.0
200,8,0.0,0.0
200,9,0.0,0.0
200,10,0.0,0.0
201,1,0.0,0.0
201,2,0.0,0.0
201,3,0.0,0.05
201,4,0.0,0.0
201,5,0.0,0.0
201,6,0.0,0.0
201,7,0.0,0.0
201,8,0.0,0.0
201,9,0.0,0.0
202,1,0.05,0.05
202,2,0.05,0.05
202,3,0.05,0.0
202,4,0.0,0.0
202,5,0.0,0.0
202,6,0.05,0.05
202,7,0.0,0.0
203,1,0.0,0.0
203,2,0.0,0.0
203,3,0.0,0.0
203,4,0.0,0.0
203,5,0.0,0.0
203,6,0.0,0.0
203,7,0.0,0.0
203,8,0.0,0.0
203,9,0.0,0.0
204,1,0.15,0.2
204,2,0.1,0.15
204,3,0.1,0.1
204,4,0.15,0.15
204,5,0.0,0.15
204,6,0.0,0.0
204,7,0.1,0.1
204,8,0.0,0.05
204,9,0.0,0.1
205,1,0.0,0.0
205,2,0.0,0.0
205,3,0.0,0.0
205,4,0.0,0.0
205,5,0.0,0.0
205,6,0.0,0.0
205,7,0.0,0.0
206,1,0.0,0.0
206,2,0.0,0.05
206,3,0.0,0.0
206,4,0.0,0.0
206,5,0.0,0.0
206,6,0.0,0.0
206,7,0.0,0.0
206,8,0.0,0.0
206,9,0.0,0.0
206,10,0.0,0.0
207,1,0.0,0.0
207,2,0.0,0.0
207,3,0.0,0.05
207,4,0.0,0.0
207,5,0.0,0.0
207,6,0.0,0.0
207,7,0.0,0.0
207,8,0.0,0.0
207,9,0.0,0.0
208,1,0.0,0.0
208,2,0.0,0.0
208,3,0.0,0.0
208,4,0.0,0.0
208,5,0.0,0.0
208,6,0.0,0.0
208,7,0.0,0.0
209,1,0.0,0.0
209,2,0.0,0.0
209,3,0.0,0.0
209,4,0.0,0.0
209,5,0.0,0.0
209,6,0.0,0.0
209,7,0.0,0.0
209,8,0.0,0.0
210,1,0.0,0.0
210,2,0.0,0.0
210,3,0.0,0.0
210,4,0.0,0.0
210,5,0.0,0.0
210,6,0.0,0.0
210,7,0.0,0.0
211,1,0.0,0.0
211,2,0.0,0.0
211,3,0.0,0.0
211,4,0.0,0.0
211,5,0.0,0.0
211,6,0.0,0.0
211,7,0.0,0.0
211,8,0.0,0.0
212,1,0.0,0.0
212,2,0.0,0.0
212,3,0.0,0.0
212,4,0.0,0.0
212,5,0.0,0.0
212,6,0.0,0.0
212,7,0.0,0.0
212,8,0.0,0.0
213,1,0.05,0.05
213,2,0.0,0.0
213,3,0.0,0.0
213,4,0.0,0.0
213,5,0.0,0.0
213,6,0.0,0.0
213,7,0.0,0.0
213,8,0.0,0.0
214,1,0.0,0.0
214,2,0.0,0.0
214,3,0.0,0.0
214,4,0.0,0.0
214,5,0.0,0.0
214,6,0.0,0.0
214,7,0.0,0.0
214,8,0.0,0.0
214,9,0.0,0.0
215,1,0.0,0.0
215,2,0.0,0.0
215,3,0.0,0.05
215,4,0.0,0.0
215,5,0.0,0.0
215,6,0.0,0.0
215,7,0.0,0.0
215,8,0.0,0.0
216,1,0.0,0.05
216,2,0.0,0.0
216,3,0.0,0.0
216,4,0.0,0.05
216,5,0.0,0.0
216,6,0.0,0.0
216,7,0.0,0.0
216,8,0.0,0.0
216,9,0.0,0.0
216,10,0.0,0.0
217,1,0.0,0.0
217,2,0.0,0.0
217,3,0.0,0.0
217,4,0.0,0.0
217,5,0.0,0.0
217,6,0.0,0.0
217,7,0.0,0.0
217,8,0.0,0.0
218,1,0.0,0.0
218,2,0.0,0.0
218,3,0.0,0.0
218,4,0.0,0.0
218,5,0.0,0.0
218,6,0.0,0.0
218,7,0.0,0.0
218,8,0.0,0.0
218,9,0.0,0.0
219,1,0.0,0.0
219,2,0.05,0.0
219,3,0.05,0.05
219,4,0.0,0.0
219,5,0.0,0.05
219,6,0.0,0.0
219,7,0.05,0.0
219,8,0.0,0.0
219,9,0.0,0.0
219,10,0.0,0.0
220,1,0.05,0.05
220,2,0.0,0.0
220,3,0.0,0.0
220,4,0.0,0.0
220,5,0.1,0.0
220,6,0.05,0.0
220,7,0.0,0.0
221,1,0.0,0.0
221,2,0.0,0.0
221,3,0.0,0.0
221,4,0.0,0.0
221,5,0.0,0.0
221,6,0.0,0.0
221,7,0.0,0.0
221,8,0.0,0.0
222,1,0.0,0.0
222,2,0.0,0.05
222,3,0.0,0.0
222,4,0.0,0.0
222,5,0.0,0.0
222,6,0.0,0.0
222,7,0.0,0.0
223,1,0.05,0.05
223,2,0.05,0.0
223,3,0.0,0.0
223,4,0.1,0.1
223,5,0.1,0.1
223,6,0.0,0.0
223,7,0.0,0.0
224,1,0.0,0.0
224,2,0.0,0.0
224,3,0.0,0.0
224,4,0.0,0.0
224,5,0.0,0.0
224,6,0.0,0.0
224,7,0.0,0.0
224,8,0.0,0.0
224,9,0.0,0.0
224,10,0.0,0.0
224,11,0.0,0.0
225,1,0.0,0.0
225,2,0.0,0.0
225,3,0.0,0.0
225,4,0.05,0.05
225,5,0.05,0.05
225,6,0.0,0.0
225,7,0.0,0.0
225,8,0.0,0.0
226,1,0.0,0.0
226,2,0.0,0.0
226,3,0.0,0.0
226,4,0.0,0.0
226,5,0.0,0.0
226,6,0.0,0.0
226,7,0.0,0.0
226,8,0.0,0.0
226,9,0.0,0.0
226,10,0.0,0.0
227,1,0.0,0.0
227,2,0.0,0.0
227,3,0.0,0.0
227,4,0.0,0.0
227,5,0.0,0.0
227,6,0.0,0.0
227,7,0.0,0.0
227,8,0.0,0.0
228,1,0.0,0.0
228,2,0.0,0.0
228,3,0.0,0.0
228,4,0.0,0.0
228,5,0.0,0.0
228,6,0.0,0.05
228,7,0.0,0.0
229,1,0.05,0.05
229,2,0.0,0.0
229,3,0.05,0.05
229,4,0.0,0.0
229,5,0.0,0.0
229,6,0.0,0.0
229,7,0.0,0.0
230,1,0.0,0.0
230,2,0.0,0.0
230,3,0.0,0.0
230,4,0.0,0.0
230,5,0.0,0.0
230,6,0.0,0.0
230,7,0.0,0.0
230,8,0.0,0.0
230,9,0.0,0.0
231,1,0.15,0.15
231,2,0.15,0.15
231,3,0.05,0.1
231,4,0.0,0.0
231,5,0.0,0.0
231,6,0.15,0.1
231,7,0.15,0.15
231,8,0.0,0.0
232,1,0.0,0.0
232,2,0.0,0.0
232,3,0.0,0.0
232,4,0.0,0.0
232,5,0.0,0.0
232,6,0.0,0.0
232,7,0.05,0.0
232,8,0.0,0.0
233,1,0.0,0.0
233,2,0.0,0.0
233,3,0.0,0.0
233,4,0.0,0.05
233,5,0.0,0.0
233,6,0.0,0.0
234,1,0.0,0.0
234,2,0.0,0.05
234,3,0.0,0.0
234,4,0.0,0.05
234,5,0.0,0.0
234,6,0.0,0.0
234,7,0.0,0.0
235,1,0.0,0.1
235,2,0.0,0.0
235,3,0.0,0.0
235,4,0.0,0.05
235,5,0.0,0.0
235,6,0.0,0.05
235,7,0.0,0.0
236,1,0.0,0.0
236,2,0.1,0.1
236,3,0.1,0.15
236,4,0.05,0.1
236,5,0.0,0.05
236,6,0.05,0.1
236,7,0.05,0.05
236,8,0.05,0.05
237,1,0.0,0.0
237,2,0.0,0.0
237,3,0.0,0.0
237,4,0.0,0.0
237,5,0.0,0.0
237,6,0.0,0.0
237,7,0.05,0.0
237,8,0.0,0.0
237,9,0.05,0.05
238,1,0.0,0.0
238,2,0.0,0.0
238,3,0.0,0.0
238,4,0.0,0.0
238,5,0.0,0.0
238,6,0.0,0.0
238,7,0.0,0.0
238,8,0.0,0.0
238,9,0.0,0.0
239,1,0.0,0.0
239,2,0.0,0.0
239,3,0.0,0.0
239,4,0.0,0.0
239,5,0.0,0.05
239,6,0.0,0.0
239,7,0.0,0.0
239,8,0.0,0.0
240,1,0.0,0.0
240,2,0.0,0.0
240,3,0.0,0.0
240,4,0.0,0.0
240,5,0.0,0.0
240,6,0.0,0.0
240,7,0.0,0.0
240,8,0.0,0.0
240,9,0.0,0.0
241,1,0.05,0.05
241,2,0.05,0.05
241,3,0.0,0.05
241,4,0.05,0.1
241,5,0.1,0.05
241,6,0.1,0.05
241,7,0.0,0.1
242,1,0.1,0.05
242,2,0.0,0.05
242,3,0.05,0.05
242,4,0.0,0.0
242,5,0.05,0.05
242,6,0.0,0.0
242,7,0.0,0.0
242,8,0.0,0.0
242,9,0.0,0.0
243,1,0.0,0.0
243,2,0.0,0.0
243,3,0.0,0.0
243,4,0.0,0.0
243,5,0.0,0.0
243,6,0.0,0.0
243,7,0.0,0.0
243,8,0.0,0.0
243,9,0.0,0.0
243,10,0.0,0.0
243,11,0.0,0.0
243,12,0.0,0.0
244,1,0.0,0.0
244,2,0.0,0.05
244,3,0.0,0.0
244,4,0.0,0.0
244,5,0.0,0.0
244,6,0.05,0.0
244,7,0.0,0.0
244,8,0.0,0.0
245,1,0.0,0.0
245,2,0.0,0.0
245,3,0.0,0.05
245,4,0.0,0.0
245,5,0.0,0.0
245,6,0.0,0.0
245,7,0.0,0.0
245,8,0.0,0.0
245,9,0.05,0.05
245,10,0.0,0.0
245,11,0.0,0.0
245,12,0.05,0.05
246,1,0.0,0.0
246,2,0.0,0.0
246,3,0.0,0.0
246,4,0.0,0.0
246,5,0.0,0.0
246,6,0.0,0.0
246,7,0.0,0.0
246,8,0.0,0.0
246,9,0.0,0.0
246,10,0.0,0.0
247,1,0.0,0.0
247,2,0.0,0.0
247,3,0.0,0.0
247,4,0.0,0.0
247,5,0.0,0.0
247,6,0.0,0.0
247,7,0.0,0.0
247,8,0.0,0.0
248,1,0.0,0.05
248,2,0.0,0.0
248,3,0.0,0.0
248,4,0.0,0.0
248,5,0.0,0.0
248,6,0.0,0.0
248,7,0.0,0.0
249,1,0.0,0.0
249,2,0.05,0.05
249,3,0.0,0.0
249,4,0.0,0.0
249,5,0.05,0.05
249,6,0.0,0.0
249,7,0.05,0.05
249,8,0.0,0.0
249,9,0.0,0.05
249,10,0.0,0.0
250,1,0.0,0.0
250,2,0.0,0.0
250,3,0.0,0.0
250,4,0.0,0.0
250,5,0.0,0.0
250,6,0.0,0.0
250,7,0.0,0.0
250,8,0.0,0.0
250,9,0.0,0.0
251,1,0.0,0.0
251,2,0.0,0.0
251,3,0.0,0.0
251,4,0.0,0.0
251,5,0.0,0.0
251,6,0.0,0.0
252,1,0.0,0.0
252,2,0.05,0.0
252,3,0.05,0.05
252,4,0.0,0.0
252,5,0.0,0.0
252,6,0.0,0.0
252,7,0.0,0.05
252,8,0.0,0.0
252,9,0.0,0.05
253,1,0.0,0.0
253,2,0.05,0.05
253,3,0.05,0.0
253,4,0.0,0.0
253,5,0.0,0.0
253,6,0.0,0.0
253,7,0.1,0.05
253,8,0.05,0.0
253,9,0.0,0.0
254,1,0.0,0.0
254,2,0.0,0.0
254,3,0.05,0.0
254,4,0.05,0.05
254,5,0.05,0.05
254,6,0.0,0.0
254,7,0.05,0.0
255,1,0.0,0.0
255,2,0.0,0.0
255,3,0.05,0.05
255,4,0.0,0.0
255,5,0.0,0.0
255,6,0.0,0.0
255,7,0.05,0.0
255,8,0.05,0.0
255,9,0.0,0.0
255,10,0.0,0.0
256,1,0.0,0.0
256,2,0.0,0.0
256,3,0.0,0.0
256,4,0.0,0.0
256,5,0.0,0.0
256,6,0.0,0.0
256,7,0.0,0.0
256,8,0.05,0.05
256,9,0.0,0.0
256,10,0.0,0.0
256,11,0.0,0.0
256,12,0.05,0.0
257,1,0.0,0.0
257,2,0.0,0.0
257,3,0.0,0.0
257,4,0.0,0.0
257,5,0.05,0.05
257,6,0.05,0.05
257,7,0.0,0.0
257,8,0.0,0.0
257,9,0.0,0.0
257,10,0.0,0.0
258,1,0.0,0.0
258,2,0.0,0.0
258,3,0.0,0.05
258,4,0.0,0.0
258,5,0.0,0.0
258,6,0.0,0.0
258,7,0.0,0.0
258,8,0.0,0.0
258,9,0.0,0.0
259,1,0.0,0.0
259,2,0.0,0.05
259,3,0.05,0.05
259,4,0.0,0.0
259,5,0.0,0.0
259,6,0.0,0.0
259,7,0.0,0.0
260,1,0.0,0.0
260,2,0.0,0.0
260,3,0.0,0.0
260,4,0.0,0.0
260,5,0.0,0.0
260,6,0.0,0.0
260,7,0.0,0.0
260,8,0.0,0.0
260,9,0.0,0.0
261,1,0.0,0.0
261,2,0.0,0.0
261,3,0.0,0.0
261,4,0.0,0.0
261,5,0.0,0.0
261,6,0.0,0.0
262,1,0.0,0.0
262,2,0.0,0.0
262,3,0.0,0.0
262,4,0.0,0.0
262,5,0.0,0.0
262,6,0.0,0.0
262,7,0.0,0.0
263,1,0.0,0.0
263,2,0.0,0.0
263,3,0.0,0.0
263,4,0.0,0.0
263,5,0.0,0.0
263,6,0.0,0.0
263,7,0.0,0.0
263,8,0.0,0.0
264,1,0.0,0.0
264,2,0.0,0.0
264,3,0.0,0.0
264,4,0.0,0.0
264,5,0.0,0.0
264,6,0.0,0.05
264,7,0.0,0.0
264,8,0.0,0.0
264,9,0.0,0.0
265,1,0.05,0.0
265,2,0.05,0.0
265,3,0.05,0.05
265,4,0.0,0.0
265,5,0.0,0.0
265,6,0.0,0.0
265,7,0.05,0.05
265,8,0.0,0.0
265,9,0.0,0.0
266,1,0.0,0.0
266,2,0.0,0.0
266,3,0.0,0.0
266,4,0.0,0.0
266,5,0.0,0.0
266,6,0.0,0.0
266,7,0.0,0.0
266,8,0.0,0.0
267,1,0.0,0.0
267,2,0.0,0.0
267,3,0.0,0.0
267,4,0.0,0.0
267,5,0.0,0.0
267,6,0.0,0.0
267,7,0.0,0.0
267,8,0.0,0.0
267,9,0.0,0.0
268,1,0.05,0.05
268,2,0.05,0.05
268,3,0.05,0.0
268,4,0.0,0.0
268,5,0.0,0.0
268,6,0.0,0.0
268,7,0.0,0.0
268,8,0.0,0.0
269,1,0.0,0.0
269,2,0.0,0.1
269,3,0.0,0.0
269,4,0.0,0.0
269,5,0.0,0.0
269,6,0.0,0.0
269,7,0.0,0.0
269,8,0.0,0.0
269,9,0.0,0.05
270,1,0.05,0.0
270,2,0.0,0.0
270,3,0.0,0.0
270,4,0.0,0.0
270,5,0.0,0.0
270,6,0.05,0.0
270,7,0.0,0.0
271,1,0.0,0.0
271,2,0.0,0.0
271,3,0.0,0.0
271,4,0.0,0.0
271,5,0.0,0.0
271,6,0.0,0.0
271,7,0.05,0.05
271,8,0.05,0.05
272,1,0.0,0.05
272,2,0.0,0.0
272,3,0.0,0.0
272,4,0.0,0.0
272,5,0.0,0.0
272,6,0.0,0.0
272,7,0.0,0.0
273,1,0.0,0.0
273,2,0.0,0.0
273,3,0.0,0.0
273,4,0.0,0.0
273,5,0.0,0.0
273,6,0.0,0.0
273,7,0.0,0.0
273,8,0.0,0.0
273,9,0.0,0.0
274,1,0.0,0.0
274,2,0.0,0.05
274,3,0.0,0.0
274,4,0.0,0.0
274,5,0.0,0.0
274,6,0.0,0.0
274,7,0.05,0.1
275,1,0.0,0.0
275,2,0.05,0.05
275,3,0.0,0.0
275,4,0.0,0.0
275,5,0.1,0.1
275,6,0.1,0.05
275,7,0.0,0.0
275,8,0.1,0.05
276,1,0.0,0.0
276,2,0.0,0.0
276,3,0.0,0.0
276,4,0.0,0.0
276,5,0.0,0.0
276,6,0.0,0.0
276,7,0.0,0.0
276,8,0.0,0.0
277,1,0.0,0.0
277,2,0.0,0.0
277,3,0.0,0.0
277,4,0.0,0.0
277,5,0.0,0.0
277,6,0.0,0.0
277,7,0.0,0.0
277,8,0.0,0.0
277,9,0.0,0.0
278,1,0.0,0.0
278,2,0.0,0.0
278,3,0.0,0.0
278,4,0.0,0.0
278,5,0.0,0.0
278,6,0.0,0.0
278,7,0.0,0.0
279,1,0.05,0.05
279,2,0.0,0.05
279,3,0.0,0.0
279,4,0.05,0.05
279,5,0.0,0.0
279,6,0.0,0.0
279,7,0.0,0.0
279,8,0.0,0.0
279,9,0.0,0.0
280,1,0.05,0.0
280,2,0.05,0.0
280,3,0.0,0.0
280,4,0.0,0.0
280,5,0.0,0.0
280,6,0.0,0.0
280,7,0.0,0.0
281,1,0.0,0.0
281,2,0.0,0.0
281,3,0.0,0.0
281,4,0.0,0.0
281,5,0.0,0.0
281,6,0.0,0.0
281,7,0.0,0.0
281,8,0.0,0.0
281,9,0.0,0.0
282,1,0.0,0.0
282,2,0.0,0.0
282,3,0.0,0.0
282,4,0.0,0.0
282,5,0.0,0.0
282,6,0.0,0.0
282,7,0.0,0.0
283,1,0.0,0.0
283,2,0.05,0.0
283,3,0.0,0.0
283,4,0.0,0.0
283,5,0.0,0.0
283,6,0.0,0.0
283,7,0.0,0.0
283,8,0.0,0.0
283,9,0.0,0.0
284,1,0.0,0.0
284,2,0.05,0.05
284,3,0.0,0.0
284,4,0.0,0.0
284,5,0.05,0.05
284,6,0.0,0.0
284,7,0.0,0.0
284,8,0.0,0.0
284,9,0.0,0.0
285,1,0.0,0.0
285,2,0.0,0.0
285,3,0.0,0.0
285,4,0.0,0.0
285,5,0.0,0.0
285,6,0.0,0.05
285,7,0.05,0.05
285,8,0.0,0.0
285,9,0.0,0.05
286,1,0.0,0.0
286,2,0.0,0.0
286,3,0.0,0.0
286,4,0.0,0.0
286,5,0.0,0.0
286,6,0.0,0.0
286,7,0.0,0.0
286,8,0.05,0.0
286,9,0.0,0.0
287,1,0.05,0.05
287,2,0.1,0.1
287,3,0.05,0.15
287,4,0.05,0.0
287,5,0.0,0.0
287,6,0.05,0.05
287,7,0.05,0.0
288,1,0.05,0.05
288,2,0.0,0.05
288,3,0.0,0.0
288,4,0.0,0.0
288,5,0.05,0.05
288,6,0.0,0.0
288,7,0.0,0.0
289,1,0.0,0.0
289,2,0.0,0.0
289,3,0.0,0.0
289,4,0.0,0.0
289,5,0.0,0.0
289,6,0.0,0.0
289,7,0.0,0.0
289,8,0.0,0.0
290,1,0.0,0.0
290,2,0.0,0.0
290,3,0.0,0.0
290,4,0.0,0.0
290,5,0.0,0.0
290,6,0.0,0.0
290,7,0.0,0.0
290,8,0.0,0.0
291,1,0.05,0.0
291,2,0.0,0.0
291,3,0.0,0.0
291,4,0.0,0.0
291,5,0.05,0.0
291,6,0.0,0.05
291,7,0.0,0.0
292,1,0.0,0.0
292,2,0.0,0.0
292,3,0.0,0.0
292,4,0.0,0.0
292,5,0.0,0.0
292,6,0.0,0.0
292,7,0.0,0.0
293,1,0.0,0.0
293,2,0.0,0.0
293,3,0.0,0.0
293,4,0.0,0.0
293,5,0.0,0.0
293,6,0.0,0.0
293,7,0.0,0.0
293,8,0.0,0.0
294,1,0.0,0.0
294,2,0.0,0.0
294,3,0.05,0.05
294,4,0.0,0.0
294,5,0.0,0.0
294,6,0.0,0.0
294,7,0.0,0.0
294,8,0.0,0.0
294,9,0.0,0.0
294,10,0.0,0.0
294,11,0.0,0.0
295,1,0.0,0.0
295,2,0.0,0.0
295,3,0.05,0.05
295,4,0.0,0.0
295,5,0.0,0.0
295,6,0.0,0.0
295,7,0.05,0.05
296,1,0.0,0.0
296,2,0.0,0.0
296,3,0.0,0.0
296,4,0.0,0.0
296,5,0.0,0.0
296,6,0.05,0.0
296,7,0.05,0.05
296,8,0.0,0.0
296,9,0.0,0.0
297,1,0.05,0.05
297,2,0.0,0.0
297,3,0.0,0.05
297,4,0.05,0.05
297,5,0.05,0.05
297,6,0.2,0.25
297,7,0.0,0.0
297,8,0.0,0.05
297,9,0.05,0.1
297,10,0.0,0.0
297,11,0.0,0.0
297,12,0.0,0.05
298,1,0.0,0.0
298,2,0.0,0.0
298,3,0.0,0.0
298,4,0.0,0.0
298,5,0.0,0.0
298,6,0.0,0.0
298,7,0.0,0.0
298,8,0.0,0.0
298,9,0.0,0.0
299,1,0.0,0.0
299,2,0.0,0.0
299,3,0.0,0.0
299,4,0.0,0.0
299,5,0.0,0.0
299,6,0.0,0.0
299,7,0.0,0.0
300,1,0.0,0.0
300,2,0.05,0.0
300,3,0.0,0.0
300,4,0.0,0.0
300,5,0.0,0.0
300,6,0.0,0.0
300,7,0.0,0.0
300,8,0.0,0.0
300,9,0.0,0.0
301,1,0.0,0.0
301,2,0.0,0.0
301,3,0.05,0.05
301,4,0.0,0.0
301,5,0.05,0.0
301,6,0.0,0.0
301,7,0.0,0.0
302,1,0.0,0.0
302,2,0.0,0.0
302,3,0.0,0.0
302,4,0.0,0.0
302,5,0.0,0.0
302,6,0.0,0.0
302,7,0.0,0.0
302,8,0.0,0.0
302,9,0.0,0.0
302,10,0.0,0.0
303,1,0.0,0.0
303,2,0.0,0.0
303,3,0.0,0.0
303,4,0.05,0.0
303,5,0.0,0.0
303,6,0.0,0.0
303,7,0.0,0.0
304,1,0.0,0.0
304,2,0.0,0.0
304,3,0.0,0.0
304,4,0.0,0.0
304,5,0.0,0.0
304,6,0.0,0.0
304,7,0.0,0.0
304,8,0.0,0.0
304,9,0.05,0.05
305,1,0.0,0.05
305,2,0.0,0.0
305,3,0.0,0.0
305,4,0.05,0.0
305,5,0.05,0.15
305,6,0.0,0.0
305,7,0.0,0.05
306,1,0.0,0.0
306,2,0.0,0.0
306,3,0.0,0.05
306,4,0.0,0.0
306,5,0.05,0.0
306,6,0.0,0.0
306,7,0.0,0.0
306,8,0.0,0.0
306,9,0.0,0.0
307,1,0.0,0.0
307,2,0.0,0.0
307,3,0.0,0.0
307,4,0.0,0.0
307,5,0.0,0.0
307,6,0.0,0.0
307,7,0.0,0.0
307,8,0.0,0.0
308,1,0.0,0.0
308,2,0.0,0.0
308,3,0.0,0.0
308,4,0.0,0.0
308,5,0.05,0.05
308,6,0.0,0.0
308,7,0.0,0.0
308,8,0.0,0.0
309,1,0.0,0.1
309,2,0.05,0.15
309,3,0.0,0.0
309,4,0.05,0.05
309,5,0.05,0.1
309,6,0.0,0.0
309,7,0.0,0.0
309,8,0.0,0.0
309,9,0.0,0.0
310,1,0.0,0.0
310,2,0.0,0.0
310,3,0.0,0.0
310,4,0.0,0.0
310,5,0.0,0.0
310,6,0.0,0.0
310,7,0.0,0.0
310,8,0.0,0.0
310,9,0.0,0.0
311,1,0.0,0.0
311,2,0.0,0.0
311,3,0.0,0.0
311,4,0.0,0.0
311,5,0.0,0.0
311,6,0.0,0.0
312,1,0.0,0.0
312,2,0.0,0.0
312,3,0.05,0.05
312,4,0.0,0.0
312,5,0.0,0.0
312,6,0.0,0.0
312,7,0.0,0.0
313,1,0.0,0.0
313,2,0.0,0.0
313,3,0.0,0.0
313,4,0.0,0.0
313,5,0.0,0.05
313,6,0.0,0.0
313,7,0.0,0.0
313,8,0.0,0.0
313,9,0.0,0.0
314,1,0.05,0.05
314,2,0.0,0.0
314,3,0.05,0.1
314,4,0.0,0.0
314,5,0.0,0.0
314,6,0.0,0.0
314,7,0.05,0.05
314,8,0.0,0.0
314,9,0.0,0.0
315,1,0.0,0.0
315,2,0.0,0.0
315,3,0.0,0.0
315,4,0.0,0.0
315,5,0.0,0.0
315,6,0.0,0.0
315,7,0.0,0.0
316,1,0.0,0.0
316,2,0.1,0.15
316,3,0.0,0.0
316,4,0.0,0.0
316,5,0.05,0.0
316,6,0.0,0.0
316,7,0.0,0.0
316,8,0.0,0.0
316,9,0.0,0.0
317,1,0.0,0.0
317,2,0.0,0.0
317,3,0.0,0.0
317,4,0.0,0.0
317,5,0.0,0.0
317,6,0.0,0.0
317,7,0.0,0.0
317,8,0.0,0.0
317,9,0.0,0.0
318,1,0.0,0.0
318,2,0.0,0.0
318,3,0.0,0.0
318,4,0.0,0.0
318,5,0.0,0.0
318,6,0.0,0.0
318,7,0.0,0.0
318,8,0.05,0.0
319,1,0.0,0.0
319,2,0.0,0.0
319,3,0.0,0.0
319,4,0.0,0.0
319,5,0.0,0.0
319,6,0.0,0.0
319,7,0.0,0.0
319,8,0.0,0.0
319,9,0.0,0.0
319,10,0.0,0.0
320,1,0.0,0.0
320,2,0.0,0.0
320,3,0.0,0.0
320,4,0.0,0.0
320,5,0.0,0.0
320,6,0.0,0.0
320,7,0.0,0.0
320,8,0.0,0.0
321,1,0.0,0.0
321,2,0.0,0.0
321,3,0.0,0.0
321,4,0.05,0.0
321,5,0.0,0.0
321,6,0.05,0.0
321,7,0.0,0.0
321,8,0.0,0.0
321,9,0.0,0.0
321,10,0.0,0.0
322,1,0.0,0.0
322,2,0.0,0.0
322,3,0.0,0.0
322,4,0.0,0.0
322,5,0.0,0.0
322,6,0.0,0.0
322,7,0.0,0.0
322,8,0.0,0.05
322,9,0.05,0.05
323,1,0.0,0.0
323,2,0.0,0.0
323,3,0.0,0.0
323,4,0.05,0.05
323,5,0.05,0.05
323,6,0.0,0.0
323,7,0.0,0.0
324,1,0.0,0.0
324,2,0.0,0.0
324,3,0.0,0.0
324,4,0.0,0.0
324,5,0.0,0.0
324,6,0.0,0.0
324,7,0.0,0.0
324,8,0.0,0.0
325,1,0.0,0.0
325,2,0.0,0.0
325,3,0.0,0.0
325,4,0.0,0.0
325,5,0.0,0.0
325,6,0.0,0.0
325,7,0.0,0.0
325,8,0.0,0.0
325,9,0.0,0.0
326,1,0.0,0.0
326,2,0.0,0.0
326,3,0.0,0.0
326,4,0.0,0.0
326,5,0.0,0.1
326,6,0.0,0.0
326,7,0.0,0.0
327,1,0.0,0.0
327,2,0.0,0.0
327,3,0.05,0.05
327,4,0.0,0.0
327,5,0.0,0.0
327,6,0.0,0.0
327,7,0.0,0.0
327,8,0.0,0.0
327,9,0.0,0.05
327,10,0.0,0.0
328,1,0.0,0.0
328,2,0.0,0.0
328,3,0.0,0.0
328,4,0.0,0.0
328,5,0.0,0.0
328,6,0.0,0.0
328,7,0.0,0.0
329,1,0.0,0.0
329,2,0.0,0.0
329,3,0.0,0.0
329,4,0.0,0.05
329,5,0.05,0.05
329,6,0.0,0.0
329,7,0.0,0.05
329,8,0.0,0.0
329,9,0.05,0.0
329,10,0.0,0.0
329,11,0.0,0.0
329,12,0.0,0.0
329,13,0.0,0.0
329,14,0.05,0.0
329,15,0.0,0.0
329,16,0.0,0.0
329,17,0.0,0.05
329,18,0.0,0.05
329,19,0.0,0.0
329,20,0.0,0.0
329,21,0.0,0.0
329,22,0.0,0.0
329,23,0.0,0.0
329,24,0.05,0.0
329,25,0.0,0.0
330,1,0.0,0.0
330,2,0.0,0.0
330,3,0.0,0.0
330,4,0.0,0.0
330,5,0.0,0.0
330,6,0.0,0.0
330,7,0.0,0.0
331,1,0.0,0.0
331,2,0.0,0.0
331,3,0.0,0.0
331,4,0.0,0.0
331,5,0.05,0.0
331,6,0.0,0.0
331,7,0.0,0.0
332,1,0.0,0.0
332,2,0.0,0.0
332,3,0.05,0.0
332,4,0.0,0.0
332,5,0.0,0.0
332,6,0.0,0.0
332,7,0.0,0.0
332,8,0.0,0.0
332,9,0.0,0.0
332,10,0.0,0.0
332,11,0.0,0.0
333,1,0.05,0.05
333,2,0.05,0.05
333,3,0.05,0.05
333,4,0.0,0.0
333,5,0.0,0.0
333,6,0.0,0.0
333,7,0.05,0.05
333,8,0.0,0.0
333,9,0.0,0.0
334,1,0.0,0.0
334,2,0.05,0.0
334,3,0.0,0.0
334,4,0.0,0.0
334,5,0.0,0.0
334,6,0.0,0.0
334,7,0.0,0.0
334,8,0.0,0.0
334,9,0.0,0.0
335,1,0.0,0.0
335,2,0.0,0.0
335,3,0.0,0.0
335,4,0.0,0.0
335,5,0.05,0.0
335,6,0.0,0.0
335,7,0.0,0.0
335,8,0.05,0.0
335,9,0.0,0.0
336,1,0.0,0.0
336,2,0.0,0.0
336,3,0.05,0.0
336,4,0.0,0.0
336,5,0.0,0.0
336,6,0.0,0.0
336,7,0.05,0.05
337,1,0.05,0.05
337,2,0.05,0.05
337,3,0.0,0.0
337,4,0.05,0.05
337,5,0.0,0.0
337,6,0.0,0.0
337,7,0.0,0.0
338,1,0.0,0.0
338,2,0.0,0.0
338,3,0.0,0.05
338,4,0.0,0.0
338,5,0.0,0.0
338,6,0.0,0.0
338,7,0.0,0.0
338,8,0.0,0.0
338,9,0.0,0.0
339,1,0.05,0.05
339,2,0.0,0.0
339,3,0.0,0.0
339,4,0.0,0.0
339,5,0.0,0.0
339,6,0.0,0.0
339,7,0.0,0.0
340,1,0.0,0.0
340,2,0.0,0.0
340,3,0.0,0.0
340,4,0.0,0.0
340,5,0.0,0.0
340,6,0.0,0.0
340,7,0.0,0.0
340,8,0.0,0.0
340,9,0.0,0.0
341,1,0.0,0.0
341,2,0.05,0.0
341,3,0.0,0.0
341,4,0.0,0.0
341,5,0.0,0.0
341,6,0.0,0.0
341,7,0.0,0.0
342,1,0.05,0.05
342,2,0.0,0.0
342,3,0.0,0.0
342,4,0.0,0.0
342,5,0.0,0.0
342,6,0.05,0.0
342,7,0.0,0.0
343,1,0.0,0.0
343,2,0.0,0.0
343,3,0.0,0.0
343,4,0.0,0.0
343,5,0.0,0.0
343,6,0.0,0.0
343,7,0.0,0.0
343,8,0.0,0.0
343,9,0.0,0.0
344,1,0.0,0.0
344,2,0.0,0.0
344,3,0.0,0.0
344,4,0.0,0.0
344,5,0.0,0.0
344,6,0.0,0.0
344,7,0.0,0.0
345,1,0.0,0.0
345,2,0.0,0.0
345,3,0.0,0.05
345,4,0.0,0.05
345,5,0.0,0.0
345,6,0.0,0.05
345,7,0.0,0.0
346,1,0.0,0.0
346,2,0.0,0.0
346,3,0.0,0.0
346,4,0.0,0.0
346,5,0.0,0.0
346,6,0.05,0.0
346,7,0.0,0.0
346,8,0.0,0.1
346,9,0.0,0.05
346,10,0.0,0.0
346,11,0.0,0.0
346,12,0.0,0.0
347,1,0.0,0.0
347,2,0.0,0.0
347,3,0.05,0.05
347,4,0.05,0.05
347,5,0.0,0.0
347,6,0.0,0.0
347,7,0.0,0.0
347,8,0.0,0.0
348,1,0.0,0.0
348,2,0.0,0.0
348,3,0.0,0.0
348,4,0.0,0.0
348,5,0.0,0.0
348,6,0.0,0.0
348,7,0.0,0.0
349,1,0.0,0.0
349,2,0.0,0.0
349,3,0.0,0.0
349,4,0.0,0.0
349,5,0.0,0.0
349,6,0.0,0.0
349,7,0.0,0.0
350,1,0.0,0.0
350,2,0.0,0.0
350,3,0.0,0.0
350,4,0.0,0.0
350,5,0.0,0.0
350,6,0.0,0.0
350,7,0.0,0.0
350,8,0.0,0.0
350,9,0.0,0.0
351,1,0.0,0.0
351,2,0.0,0.0
351,3,0.0,0.0
351,4,0.0,0.0
351,5,0.0,0.0
351,6,0.0,0.0
351,7,0.0,0.0
352,1,0.0,0.0
352,2,0.0,0.0
352,3,0.0,0.0
352,4,0.0,0.0
352,5,0.0,0.0
352,6,0.0,0.0
352,7,0.0,0.0
352,8,0.0,0.0
353,1,0.0,0.0
353,2,0.0,0.0
353,3,0.0,0.0
353,4,0.0,0.0
353,5,0.0,0.0
353,6,0.0,0.0
353,7,0.0,0.0
354,1,0.0,0.0
354,2,0.0,0.0
354,3,0.0,0.0
354,4,0.0,0.0
354,5,0.0,0.0
354,6,0.0,0.0
354,7,0.0,0.0
354,8,0.0,0.0
354,9,0.0,0.0
355,1,0.0,0.0
355,2,0.0,0.0
355,3,0.0,0.0
355,4,0.0,0.0
355,5,0.0,0.0
355,6,0.0,0.0
355,7,0.0,0.0
355,8,0.0,0.0
355,9,0.0,0.0
356,1,0.0,0.0
356,2,0.0,0.0
356,3,0.0,0.0
356,4,0.0,0.0
356,5,0.0,0.0
356,6,0.0,0.0
356,7,0.0,0.0
356,8,0.0,0.0
356,9,0.0,0.0
357,1,0.0,0.0
357,2,0.0,0.05
357,3,0.0,0.0
357,4,0.0,0.0
357,5,0.0,0.0
357,6,0.0,0.0
357,7,0.0,0.0
358,1,0.0,0.0
358,2,0.0,0.0
358,3,0.0,0.0
358,4,0.0,0.0
358,5,0.0,0.0
358,6,0.0,0.0
358,7,0.0,0.05
358,8,0.0,0.0
358,9,0.0,0.0
359,1,0.0,0.0
359,2,0.05,0.1
359,3,0.0,0.0
359,4,0.05,0.05
359,5,0.0,0.0
359,6,0.0,0.0
359,7,0.1,0.1
359,8,0.0,0.0
359,9,0.0,0.0
360,1,0.0,0.0
360,2,0.0,0.0
360,3,0.0,0.0
360,4,0.0,0.0
360,5,0.0,0.0
360,6,0.0,0.0
360,7,0.0,0.0
361,1,0.0,0.0
361,2,0.05,0.05
361,3,0.0,0.0
361,4,0.0,0.0
361,5,0.0,0.0
361,6,0.0,0.0
361,7,0.0,0.0
361,8,0.0,0.0
361,9,0.0,0.05
362,1,0.0,0.0
362,2,0.0,0.0
362,3,0.0,0.0
362,4,0.0,0.0
362,5,0.0,0.0
362,6,0.0,0.05
362,7,0.0,0.0
362,8,0.0,0.0
362,9,0.0,0.0
362,10,0.0,0.0
362,11,0.0,0.0
362,12,0.0,0.05
362,13,0.0,0.0
362,14,0.0,0.0
362,15,0.0,0.0
362,16,0.0,0.0
363,1,0.0,0.0
363,2,0.0,0.0
363,3,0.0,0.0
363,4,0.0,0.0
363,5,0.0,0.0
363,6,0.0,0.0
363,7,0.0,0.0
363,8,0.0,0.0
363,9,0.0,0.0
364,1,0.0,0.0
364,2,0.0,0.0
364,3,0.0,0.0
364,4,0.0,0.0
364,5,0.0,0.0
364,6,0.0,0.0
364,7,0.0,0.0
365,1,0.0,0.0
365,2,0.0,0.0
365,3,0.0,0.0
365,4,0.1,0.05
365,5,0.0,0.0
365,6,0.0,0.0
365,7,0.0,0.0
365,8,0.05,0.0
365,9,0.0,0.0
366,1,0.0,0.0
366,2,0.0,0.0
366,3,0.0,0.0
366,4,0.0,0.0
366,5,0.0,0.0
366,6,0.0,0.0
366,7,0.0,0.0
367,1,0.0,0.0
367,2,0.0,0.0
367,3,0.0,0.0
367,4,0.05,0.0
367,5,0.0,0.0
367,6,0.05,0.0
367,7,0.0,0.0
367,8,0.0,0.0
367,9,0.0,0.0
367,10,0.0,0.0
367,11,0.0,0.0
368,1,0.05,0.05
368,2,0.0,0.05
368,3,0.0,0.0
368,4,0.0,0.0
368,5,0.0,0.0
368,6,0.0,0.0
368,7,0.05,0.0
368,8,0.05,0.0
368,9,0.0,0.05
369,1,0.0,0.0
369,2,0.0,0.0
369,3,0.0,0.0
369,4,0.0,0.0
369,5,0.0,0.0
369,6,0.0,0.0
369,7,0.0,0.0
370,1,0.0,0.0
370,2,0.0,0.0
370,3,0.0,0.0
370,4,0.0,0.05
370,5,0.1,0.1
370,6,0.05,0.0
370,7,0.0,0.0
371,1,0.0,0.0
371,2,0.0,0.0
371,3,0.0,0.0
371,4,0.0,0.0
371,5,0.0,0.0
371,6,0.0,0.0
371,7,0.0,0.0
371,8,0.0,0.0
372,1,0.0,0.0
372,2,0.0,0.0
372,3,0.0,0.0
372,4,0.0,0.0
372,5,0.0,0.0
372,6,0.0,0.0
372,7,0.0,0.0
372,8,0.0,0.0
373,1,0.0,0.05
373,2,0.0,0.0
373,3,0.0,0.0
373,4,0.0,0.0
373,5,0.05,0.05
373,6,0.0,0.0
373,7,0.0,0.0
373,8,0.0,0.0
373,9,0.0,0.0
373,10,0.0,0.0
373,11,0.0,0.0
373,12,0.0,0.0
374,1,0.0,0.0
374,2,0.0,0.0
374,3,0.0,0.0
374,4,0.0,0.0
374,5,0.0,0.0
374,6,0.0,0.0
374,7,0.0,0.0
374,8,0.0,0.0
375,1,0.05,0.05
375,2,0.05,0.05
375,3,0.0,0.0
375,4,0.0,0.0
375,5,0.0,0.0
375,6,0.0,0.0
375,7,0.0,0.0
375,8,0.0,0.0
376,1,0.0,0.05
376,2,0.0,0.0
376,3,0.0,0.05
376,4,0.0,0.0
376,5,0.0,0.0
376,6,0.0,0.0
376,7,0.0,0.0
377,1,0.0,0.0
377,2,0.0,0.0
377,3,0.0,0.0
377,4,0.0,0.0
377,5,0.05,0.0
377,6,0.0,0.0
377,7,0.0,0.0
378,1,0.0,0.1
378,2,0.05,0.05
378,3,0.0,0.05
378,4,0.1,0.1
378,5,0.1,0.05
378,6,0.0,0.0
378,7,0.05,0.05
378,8,0.0,0.05
379,1,0.0,0.0
379,2,0.0,0.0
379,3,0.0,0.0
379,4,0.0,0.0
379,5,0.0,0.0
379,6,0.0,0.0
379,7,0.0,0.0
379,8,0.0,0.0
379,9,0.0,0.0
380,1,0.0,0.0
380,2,0.0,0.0
380,3,0.0,0.0
380,4,0.0,0.0
380,5,0.0,0.0
380,6,0.0,0.0
380,7,0.0,0.0
381,1,0.1,0.1
381,2,0.1,0.0
381,3,0.1,0.05
381,4,0.0,0.0
381,5,0.0,0.0
381,6,0.0,0.0
381,7,0.0,0.0
381,8,0.0,0.0
381,9,0.0,0.0
381,10,0.0,0.0
382,1,0.0,0.0
382,2,0.0,0.0
382,3,0.0,0.0
382,4,0.0,0.0
382,5,0.0,0.0
382,6,0.0,0.0
382,7,0.0,0.0
382,8,0.0,0.0
383,1,0.0,0.0
383,2,0.0,0.0
383,3,0.0,0.0
383,4,0.0,0.0
383,5,0.0,0.0
383,6,0.0,0.0
384,1,0.0,0.0
384,2,0.0,0.0
384,3,0.0,0.0
384,4,0.0,0.0
384,5,0.0,0.0
384,6,0.0,0.0
384,7,0.0,0.0
385,1,0.05,0.05
385,2,0.0,0.0
385,3,0.05,0.05
385,4,0.0,0.0
385,5,0.0,0.0
385,6,0.0,0.0
385,7,0.05,0.05
386,1,0.0,0.0
386,2,0.0,0.05
386,3,0.0,0.0
386,4,0.0,0.0
386,5,0.0,0.0
386,6,0.0,0.0
386,7,0.0,0.0
387,1,0.0,0.0
387,2,0.0,0.0
387,3,0.0,0.0
387,4,0.0,0.0
387,5,0.0,0.0
387,6,0.0,0.0
387,7,0.0,0.0
387,8,0.0,0.0
387,9,0.0,0.0
388,1,0.0,0.0
388,2,0.0,0.0
388,3,0.0,0.0
388,4,0.0,0.0
388,5,0.0,0.0
388,6,0.0,0.0
388,7,0.0,0.0
389,1,0.0,0.0
389,2,0.0,0.0
389,3,0.0,0.0
389,4,0.0,0.0
389,5,0.0,0.0
389,6,0.05,0.0
389,7,0.05,0.0
389,8,0.0,0.0
389,9,0.0,0.0
390,1,0.0,0.0
390,2,0.0,0.0
390,3,0.0,0.0
390,4,0.0,0.0
390,5,0.0,0.0
390,6,0.0,0.0
390,7,0.0,0.0
390,8,0.05,0.05
390,9,0.0,0.0
390,10,0.0,0.0
390,11,0.0,0.0
391,1,0.05,0.05
391,2,0.0,0.0
391,3,0.0,0.0
391,4,0.0,0.0
391,5,0.05,0.0
391,6,0.0,0.0
391,7,0.05,0.05
392,1,0.0,0.0
392,2,0.0,0.0
392,3,0.0,0.0
392,4,0.0,0.0
392,5,0.0,0.0
392,6,0.0,0.05
392,7,0.0,0.0
393,1,0.0,0.0
393,2,0.0,0.0
393,3,0.05,0.0
393,4,0.0,0.0
393,5,0.0,0.0
393,6,0.0,0.0
393,7,0.0,0.0
393,8,0.0,0.0
393,9,0.0,0.0
394,1,0.0,0.0
394,2,0.05,0.05
394,3,0.0,0.05
394,4,0.0,0.0
394,5,0.0,0.0
394,6,0.0,0.0
394,7,0.05,0.05
394,8,0.05,0.05
395,1,0.0,0.05
395,2,0.05,0.05
395,3,0.0,0.0
395,4,0.0,0.0
395,5,0.0,0.0
395,6,0.0,0.05
395,7,0.0,0.0
395,8,0.0,0.0
396,1,0.0,0.0
396,2,0.0,0.0
396,3,0.0,0.0
396,4,0.0,0.0
396,5,0.0,0.0
396,6,0.0,0.0
397,1,0.0,0.0
397,2,0.05,0.0
397,3,0.0,0.0
397,4,0.0,0.0
397,5,0.0,0.0
397,6,0.0,0.0
397,7,0.0,0.0
397,8,0.0,0.0
397,9,0.0,0.0
397,10,0.0,0.0
397,11,0.0,0.0
397,12,0.0,0.0
398,1,0.0,0.0
398,2,0.0,0.0
398,3,0.0,0.0
398,4,0.0,0.0
398,5,0.0,0.0
398,6,0.0,0.0
398,7,0.0,0.0
398,8,0.0,0.0
398,9,0.0,0.0
399,1,0.0,0.0
399,2,0.0,0.0
399,3,0.0,0.0
399,4,0.0,0.0
399,5,0.0,0.0
399,6,0.0,0.0
399,7,0.0,0.0
400,1,0.05,0.05
400,2,0.05,0.05
400,3,0.0,0.0
400,4,0.0,0.0
400,5,0.0,0.0
400,6,0.0,0.0
400,7,0.0,0.0
400,8,0.0,0.0
400,9,0.0,0.0
400,10,0.0,0.0
401,1,0.0,0.0
401,2,0.0,0.0
401,3,0.0,0.0
401,4,0.0,0.0
401,5,0.0,0.0
401,6,0.05,0.05
401,7,0.05,0.05
401,8,0.0,0.0
402,1,0.05,0.05
402,2,0.0,0.0
402,3,0.0,0.05
402,4,0.0,0.0
402,5,0.0,0.05
402,6,0.0,0.0
402,7,0.0,0.0
402,8,0.0,0.0
403,1,0.0,0.0
403,2,0.0,0.0
403,3,0.0,0.0
403,4,0.0,0.0
403,5,0.0,0.0
403,6,0.0,0.0
403,7,0.0,0.0
404,1,0.0,0.0
404,2,0.0,0.0
404,3,0.05,0.0
404,4,0.0,0.0
404,5,0.0,0.0
404,6,0.0,0.0
404,7,0.0,0.0
405,1,0.0,0.0
405,2,0.0,0.0
405,3,0.0,0.0
405,4,0.0,0.0
405,5,0.0,0.05
405,6,0.0,0.0
405,7,0.0,0.0
405,8,0.0,0.0
406,1,0.0,0.0
406,2,0.0,0.0
406,3,0.0,0.0
406,4,0.0,0.0
406,5,0.0,0.0
406,6,0.0,0.0
406,7,0.0,0.0
407,1,0.0,0.0
407,2,0.0,0.0
407,3,0.0,0.0
407,4,0.0,0.0
407,5,0.0,0.0
407,6,0.0,0.0
407,7,0.0,0.0
407,8,0.0,0.0
408,1,0.0,0.0
408,2,0.0,0.0
408,3,0.0,0.0
408,4,0.0,0.0
408,5,0.0,0.0
408,6,0.0,0.0
408,7,0.0,0.0
408,8,0.0,0.0
408,9,0.0,0.0
408,10,0.0,0.0
408,11,0.0,0.0
409,1,0.05,0.05
409,2,0.0,0.0
409,3,0.0,0.0
409,4,0.0,0.0
409,5,0.0,0.0
409,6,0.0,0.05
409,7,0.0,0.0
410,1,0.05,0.05
410,2,0.1,0.0
410,3,0.1,0.1
410,4,0.0,0.0
410,5,0.05,0.0
410,6,0.0,0.0
410,7,0.0,0.0
410,8,0.0,0.0
410,9,0.0,0.0
411,1,0.0,0.0
411,2,0.0,0.0
411,3,0.0,0.0
411,4,0.0,0.0
411,5,0.0,0.0
411,6,0.0,0.0
411,7,0.0,0.0
411,8,0.0,0.0
412,1,0.0,0.0
412,2,0.0,0.0
412,3,0.05,0.05
412,4,0.0,0.0
412,5,0.05,0.05
412,6,0.0,0.0
412,7,0.0,0.0
412,8,0.0,0.0
413,1,0.0,0.0
413,2,0.0,0.0
413,3,0.0,0.0
413,4,0.0,0.0
413,5,0.0,0.0
413,6,0.0,0.0
413,7,0.0,0.0
413,8,0.0,0.0
413,9,0.0,0.0
414,1,0.0,0.05
414,2,0.0,0.05
414,3,0.0,0.0
414,4,0.0,0.0
414,5,0.0,0.05
414,6,0.0,0.0
414,7,0.0,0.0
415,1,0.0,0.0
415,2,0.0,0.0
415,3,0.0,0.0
415,4,0.0,0.0
415,5,0.05,0.0
415,6,0.05,0.05
415,7,0.0,0.0
415,8,0.05,0.0
415,9,0.0,0.0
415,10,0.0,0.0
415,11,0.0,0.0
416,1,0.0,0.0
416,2,0.0,0.0
416,3,0.0,0.0
416,4,0.0,0.0
416,5,0.0,0.0
416,6,0.0,0.0
416,7,0.0,0.0
417,1,0.0,0.0
417,2,0.0,0.0
417,3,0.0,0.0
417,4,0.0,0.0
417,5,0.0,0.0
417,6,0.0,0.0
417,7,0.0,0.0
418,1,0.0,0.0
418,2,0.0,0.0
418,3,0.0,0.0
418,4,0.0,0.05
418,5,0.0,0.0
418,6,0.0,0.0
418,7,0.0,0.0
419,1,0.0,0.0
419,2,0.0,0.0
419,3,0.0,0.0
419,4,0.0,0.0
419,5,0.05,0.05
419,6,0.0,0.0
419,7,0.0,0.0
419,8,0.0,0.0
419,9,0.0,0.0
419,10,0.05,0.05
419,11,0.0,0.0
420,1,0.0,0.0
420,2,0.0,0.0
420,3,0.0,0.05
420,4,0.0,0.0
420,5,0.0,0.0
420,6,0.0,0.0
420,7,0.0,0.0
421,1,0.0,0.0
421,2,0.0,0.0
421,3,0.0,0.0
421,4,0.05,0.0
421,5,0.0,0.0
421,6,0.0,0.0
421,7,0.0,0.0
421,8,0.0,0.0
421,9,0.0,0.0
421,10,0.0,0.0
421,11,0.0,0.0
421,12,0.0,0.0
422,1,0.0,0.0
422,2,0.0,0.0
422,3,0.0,0.0
422,4,0.0,0.0
422,5,0.0,0.05
422,6,0.05,0.0
422,7,0.0,0.0
423,1,0.05,0.0
423,2,0.0,0.0
423,3,0.2,0.2
423,4,0.0,0.0
423,5,0.05,0.0
423,6,0.15,0.05
423,7,0.1,0.05
423,8,0.0,0.0
423,9,0.0,0.0
424,1,0.05,0.0
424,2,0.05,0.0
424,3,0.0,0.0
424,4,0.0,0.0
424,5,0.0,0.0
425,1,0.0,0.0
425,2,0.0,0.0
425,3,0.1,0.1
425,4,0.1,0.0
425,5,0.1,0.05
425,6,0.0,0.0
425,7,0.0,0.0
425,8,0.0,0.0
425,9,0.0,0.0
425,10,0.0,0.0
426,1,0.0,0.0
426,2,0.0,0.0
426,3,0.0,0.0
426,4,0.0,0.0
426,5,0.0,0.0
426,6,0.0,0.0
427,1,0.0,0.0
427,2,0.0,0.0
427,3,0.0,0.0
427,4,0.0,0.0
427,5,0.0,0.0
427,6,0.0,0.0
427,7,0.0,0.0
427,8,0.0,0.0
427,9,0.0,0.0
428,1,0.0,0.0
428,2,0.0,0.0
428,3,0.0,0.0
428,4,0.0,0.0
428,5,0.0,0.0
428,6,0.0,0.0
428,7,0.0,0.0
428,8,0.05,0.05
428,9,0.0,0.0
428,10,0.0,0.05
429,1,0.0,0.0
429,2,0.05,0.0
429,3,0.0,0.0
429,4,0.05,0.0
429,5,0.0,0.0
429,6,0.0,0.0
429,7,0.0,0.0
429,8,0.0,0.0
429,9,0.0,0.0
429,10,0.0,0.0
429,11,0.0,0.0
429,12,0.0,0.0
430,1,0.0,0.0
430,2,0.05,0.0
430,3,0.0,0.0
430,4,0.0,0.0
430,5,0.0,0.05
430,6,0.0,0.0
430,7,0.0,0.0
430,8,0.0,0.0
430,9,0.0,0.0
431,1,0.05,0.0
431,2,0.0,0.0
431,3,0.0,0.05
431,4,0.0,0.0
431,5,0.0,0.0
431,6,0.0,0.0
431,7,0.0,0.0
431,8,0.05,0.0
431,9,0.0,0.0
432,1,0.0,0.0
432,2,0.0,0.0
432,3,0.0,0.0
432,4,0.0,0.0
432,5,0.0,0.0
432,6,0.05,0.0
433,1,0.05,0.1
433,2,0.0,0.0
433,3,0.05,0.05
433,4,0.1,0.0
433,5,0.0,0.0
433,6,0.0,0.0
433,7,0.0,0.0
433,8,0.15,0.1
433,9,0.05,0.05
433,10,0.0,0.0
433,11,0.0,0.0
433,12,0.0,0.0
433,13,0.0,0.0
434,1,0.0,0.0
434,2,0.05,0.0
434,3,0.0,0.0
434,4,0.0,0.0
434,5,0.0,0.05
434,6,0.0,0.05
434,7,0.0,0.0
434,8,0.0,0.0
435,1,0.0,0.0
435,2,0.0,0.0
435,3,0.0,0.0
435,4,0.0,0.0
435,5,0.0,0.0
435,6,0.0,0.0
435,7,0.0,0.0
436,1,0.0,0.0
436,2,0.0,0.0
436,3,0.0,0.0
436,4,0.0,0.0
436,5,0.0,0.0
436,6,0.0,0.05
436,7,0.0,0.0
436,8,0.0,0.0
437,1,0.0,0.0
437,2,0.0,0.0
437,3,0.0,0.0
437,4,0.05,0.05
437,5,0.0,0.0
437,6,0.0,0.0
437,7,0.0,0.0
437,8,0.0,0.0
437,9,0.0,0.0
438,1,0.0,0.0
438,2,0.0,0.0
438,3,0.0,0.0
438,4,0.0,0.0
438,5,0.0,0.0
438,6,0.05,0.0
438,7,0.0,0.0
438,8,0.0,0.0
439,1,0.0,0.0
439,2,0.0,0.0
439,3,0.0,0.0
439,4,0.0,0.0
439,5,0.0,0.0
439,6,0.0,0.0
439,7,0.0,0.0
439,8,0.0,0.0
439,9,0.0,0.0
439,10,0.0,0.0
440,1,0.0,0.0
440,2,0.0,0.0
440,3,0.0,0.0
440,4,0.0,0.05
440,5,0.0,0.0
440,6,0.0,0.0
440,7,0.0,0.0
440,8,0.0,0.0
441,1,0.05,0.05
441,2,0.0,0.0
441,3,0.1,0.1
441,4,0.0,0.0
441,5,0.05,0.0
441,6,0.0,0.0
442,1,0.0,0.0
442,2,0.0,0.0
442,3,0.0,0.0
442,4,0.0,0.0
442,5,0.0,0.0
442,6,0.0,0.0
442,7,0.0,0.0
442,8,0.0,0.0
443,1,0.0,0.0
443,2,0.0,0.0
443,3,0.0,0.0
443,4,0.0,0.0
443,5,0.0,0.0
443,6,0.0,0.0
443,7,0.0,0.0
444,1,0.0,0.0
444,2,0.0,0.0
444,3,0.0,0.0
444,4,0.0,0.0
444,5,0.0,0.0
444,6,0.0,0.0
444,7,0.0,0.0
444,8,0.0,0.0
445,1,0.05,0.0
445,2,0.0,0.0
445,3,0.0,0.0
445,4,0.0,0.0
445,5,0.0,0.0
445,6,0.0,0.0
445,7,0.0,0.0
445,8,0.0,0.0
445,9,0.0,0.0
445,10,0.0,0.0
446,1,0.0,0.0
446,2,0.0,0.0
446,3,0.05,0.05
446,4,0.0,0.0
446,5,0.0,0.0
446,6,0.0,0.0
446,7,0.0,0.0
446,8,0.0,0.0
446,9,0.0,0.0
447,1,0.0,0.0
447,2,0.0,0.0
447,3,0.0,0.0
447,4,0.0,0.0
447,5,0.0,0.0
447,6,0.0,0.0
447,7,0.0,0.0
448,1,0.0,0.0
448,2,0.0,0.05
448,3,0.0,0.0
448,4,0.0,0.0
448,5,0.0,0.0
448,6,0.0,0.0
448,7,0.0,0.0
448,8,0.05,0.0
449,1,0.0,0.0
449,2,0.0,0.0
449,3,0.0,0.0
449,4,0.05,0.0
449,5,0.0,0.0
449,6,0.0,0.0
449,7,0.0,0.0
450,1,0.0,0.0
450,2,0.0,0.0
450,3,0.0,0.0
450,4,0.0,0.0
450,5,0.0,0.0
450,6,0.0,0.0
450,7,0.0,0.0
450,8,0.0,0.0
450,9,0.0,0.0
450,10,0.0,0.0
450,11,0.0,0.0
451,1,0.0,0.0
451,2,0.0,0.0
451,3,0.0,0.0
451,4,0.0,0.0
451,5,0.0,0.0
451,6,0.0,0.0
451,7,0.05,0.0
451,8,0.0,0.0
451,9,0.0,0.05
452,1,0.0,0.0
452,2,0.0,0.05
452,3,0.05,0.0
452,4,0.0,0.0
452,5,0.0,0.0
452,6,0.0,0.0
452,7,0.0,0.0
452,8,0.0,0.0
452,9,0.0,0.0
452,10,0.0,0.0
452,11,0.0,0.0
452,12,0.0,0.0
452,13,0.0,0.0
452,14,0.0,0.0
453,1,0.0,0.0
453,2,0.0,0.0
453,3,0.0,0.0
453,4,0.0,0.0
453,5,0.0,0.0
454,1,0.0,0.0
454,2,0.0,0.0
454,3,0.0,0.0
454,4,0.0,0.0
454,5,0.0,0.0
454,6,0.0,0.0
454,7,0.0,0.0
454,8,0.0,0.0
454,9,0.0,0.0
454,10,0.0,0.0
454,11,0.0,0.0
454,12,0.05,0.05
454,13,0.0,0.0
454,14,0.0,0.0
455,1,0.0,0.0
455,2,0.0,0.0
455,3,0.0,0.0
455,4,0.0,0.0
455,5,0.0,0.0
455,6,0.0,0.05
455,7,0.0,0.0
455,8,0.0,0.0
455,9,0.0,0.0
456,1,0.0,0.0
456,2,0.0,0.0
456,3,0.0,0.0
456,4,0.0,0.05
456,5,0.0,0.0
456,6,0.0,0.05
456,7,0.0,0.0
457,1,0.0,0.05
457,2,0.0,0.0
457,3,0.0,0.0
457,4,0.0,0.0
457,5,0.0,0.0
457,6,0.05,0.05
457,7,0.0,0.05
457,8,0.0,0.0
457,9,0.05,0.05
457,10,0.0,0.0
458,1,0.0,0.0
458,2,0.0,0.0
458,3,0.0,0.0
458,4,0.0,0.0
458,5,0.0,0.0
458,6,0.0,0.0
458,7,0.0,0.0
458,8,0.0,0.0
459,1,0.0,0.0
459,2,0.0,0.0
459,3,0.0,0.0
459,4,0.0,0.0
459,5,0.0,0.0
459,6,0.0,0.0
459,7,0.0,0.0
459,8,0.0,0.0
460,1,0.0,0.0
460,2,0.0,0.0
460,3,0.0,0.0
460,4,0.0,0.0
460,5,0.0,0.0
460,6,0.0,0.0
460,7,0.0,0.0
460,8,0.0,0.0
460,9,0.0,0.0
460,10,0.0,0.0
460,11,0.0,0.0
460,12,0.0,0.0
460,13,0.0,0.0
460,14,0.0,0.05
461,1,0.0,0.0
461,2,0.0,0.0
461,3,0.0,0.05
461,4,0.0,0.0
461,5,0.0,0.0
461,6,0.0,0.0
461,7,0.0,0.0
461,8,0.0,0.0
461,9,0.0,0.0
462,1,0.0,0.0
462,2,0.0,0.0
462,3,0.0,0.0
462,4,0.05,0.05
462,5,0.0,0.0
462,6,0.0,0.0
462,7,0.0,0.05
462,8,0.0,0.0
462,9,0.0,0.0
463,1,0.0,0.05
463,2,0.0,0.0
463,3,0.1,0.05
463,4,0.0,0.0
463,5,0.0,0.0
463,6,0.0,0.0
463,7,0.0,0.0
463,8,0.0,0.05
463,9,0.0,0.0
463,10,0.0,0.0
463,11,0.0,0.0
463,12,0.0,0.0
464,1,0.0,0.0
464,2,0.0,0.0
464,3,0.0,0.0
464,4,0.0,0.0
464,5,0.0,0.0
464,6,0.0,0.0
464,7,0.0,0.0
465,1,0.15,0.1
465,2,0.0,0.0
465,3,0.1,0.05
465,4,0.05,0.0
465,5,0.05,0.05
465,6,0.1,0.1
465,7,0.0,0.0
466,1,0.0,0.0
466,2,0.0,0.0
466,3,0.0,0.0
466,4,0.0,0.0
466,5,0.0,0.0
466,6,0.0,0.0
466,7,0.0,0.0
467,1,0.0,0.0
467,2,0.0,0.0
467,3,0.0,0.0
467,4,0.0,0.0
467,5,0.0,0.0
467,6,0.0,0.0
467,7,0.0,0.0
467,8,0.0,0.0
468,1,0.0,0.0
468,2,0.0,0.0
468,3,0.0,0.0
468,4,0.0,0.0
468,5,0.0,0.05
468,6,0.0,0.0
468,7,0.0,0.0
468,8,0.0,0.0
468,9,0.0,0.0
469,1,0.0,0.0
469,2,0.0,0.0
469,3,0.0,0.0
469,4,0.0,0.05
469,5,0.0,0.0
469,6,0.0,0.05
469,7,0.0,0.0
469,8,0.0,0.0
469,9,0.0,0.05
469,10,0.0,0.0
470,1,0.0,0.0
470,2,0.0,0.0
470,3,0.0,0.0
470,4,0.0,0.0
470,5,0.05,0.0
470,6,0.0,0.0
470,7,0.0,0.0
470,8,0.0,0.0
470,9,0.0,0.0
471,1,0.0,0.0
471,2,0.0,0.0
471,3,0.0,0.0
471,4,0.0,0.0
471,5,0.0,0.0
471,6,0.0,0.0
471,7,0.0,0.0
471,8,0.0,0.0
471,9,0.0,0.0
471,10,0.0,0.0
471,11,0.05,0.0
472,1,0.05,0.0
472,2,0.0,0.0
472,3,0.0,0.0
472,4,0.0,0.0
472,5,0.0,0.0
472,6,0.05,0.0
472,7,0.0,0.0
472,8,0.0,0.0
472,9,0.0,0.0
472,10,0.0,0.0
473,1,0.0,0.0
473,2,0.0,0.0
473,3,0.0,0.0
473,4,0.0,0.0
473,5,0.0,0.0
473,6,0.0,0.0
473,7,0.0,0.0
473,8,0.0,0.0
473,9,0.0,0.0
473,10,0.0,0.0
473,11,0.0,0.0
473,12,0.0,0.0
473,13,0.0,0.0
474,1,0.0,0.0
474,2,0.0,0.0
474,3,0.0,0.0
474,4,0.0,0.0
474,5,0.0,0.0
474,6,0.0,0.0
474,7,0.0,0.0
474,8,0.0,0.0
474,9,0.0,0.0
475,1,0.0,0.0
475,2,0.05,0.0
475,3,0.05,0.05
475,4,0.0,0.0
475,5,0.0,0.0
475,6,0.0,0.05
475,7,0.0,0.0
476,1,0.0,0.0
476,2,0.0,0.0
476,3,0.0,0.0
476,4,0.05,0.05
476,5,0.0,0.0
476,6,0.0,0.0
476,7,0.05,0.0
477,1,0.0,0.0
477,2,0.0,0.0
477,3,0.0,0.0
477,4,0.05,0.05
477,5,0.0,0.0
477,6,0.0,0.0
477,7,0.0,0.0
477,8,0.0,0.0
477,9,0.0,0.0
478,1,0.0,0.0
478,2,0.0,0.0
478,3,0.0,0.0
478,4,0.0,0.0
478,5,0.0,0.0
478,6,0.0,0.0
479,1,0.0,0.0
479,2,0.0,0.0
479,3,0.0,0.0
479,4,0.0,0.0
479,5,0.0,0.0
479,6,0.0,0.0
480,1,0.0,0.0
480,2,0.0,0.0
480,3,0.0,0.0
480,4,0.0,0.0
480,5,0.0,0.0
480,6,0.0,0.0
480,7,0.0,0.0
481,1,0.0,0.0
481,2,0.0,0.0
481,3,0.0,0.0
481,4,0.0,0.0
481,5,0.0,0.0
481,6,0.0,0.0
481,7,0.0,0.0
481,8,0.0,0.0
482,1,0.0,0.0
482,2,0.0,0.0
482,3,0.0,0.1
482,4,0.0,0.05
482,5,0.0,0.0
482,6,0.0,0.0
482,7,0.0,0.0
482,8,0.0,0.0
483,1,0.0,0.0
483,2,0.0,0.0
483,3,0.0,0.0
483,4,0.0,0.0
483,5,0.0,0.0
483,6,0.0,0.0
483,7,0.0,0.0
483,8,0.0,0.0
483,9,0.0,0.0
483,10,0.0,0.0
483,11,0.0,0.0
484,1,0.0,0.0
484,2,0.0,0.0
484,3,0.0,0.0
484,4,0.05,0.05
484,5,0.0,0.0
484,6,0.0,0.0
484,7,0.0,0.0
484,8,0.05,0.0
484,9,0.0,0.0
484,10,0.0,0.0
484,11,0.0,0.0
484,12,0.05,0.05
485,1,0.0,0.0
485,2,0.0,0.0
485,3,0.0,0.0
485,4,0.0,0.0
485,5,0.0,0.0
485,6,0.0,0.0
485,7,0.0,0.0
485,8,0.0,0.0
486,1,0.05,0.05
486,2,0.0,0.0
486,3,0.0,0.0
486,4,0.0,0.0
486,5,0.0,0.0
486,6,0.0,0.0
486,7,0.0,0.0
486,8,0.0,0.0
486,9,0.0,0.0
487,1,0.0,0.0
487,2,0.0,0.05
487,3,0.0,0.0
487,4,0.0,0.0
487,5,0.15,0.15
487,6,0.05,0.05
487,7,0.05,0.05
487,8,0.15,0.05
487,9,0.0,0.0
487,10,0.0,0.0
488,1,0.0,0.0
488,2,0.0,0.0
488,3,0.0,0.0
488,4,0.0,0.0
488,5,0.0,0.0
488,6,0.0,0.0
488,7,0.0,0.0
488,8,0.0,0.0
488,9,0.0,0.0
489,1,0.0,0.05
489,2,0.1,0.0
489,3,0.1,0.05
489,4,0.0,0.0
489,5,0.0,0.0
489,6,0.0,0.05
489,7,0.05,0.1
489,8,0.0,0.0
489,9,0.0,0.05
489,10,0.0,0.0
489,11,0.0,0.0
489,12,0.0,0.0
489,13,0.0,0.0
489,14,0.0,0.0
490,1,0.0,0.0
490,2,0.0,0.0
490,3,0.0,0.0
490,4,0.0,0.0
490,5,0.0,0.0
490,6,0.0,0.0
490,7,0.0,0.0
490,8,0.0,0.0
490,9,0.0,0.0
490,10,0.0,0.0
491,1,0.0,0.0
491,2,0.0,0.0
491,3,0.0,0.0
491,4,0.0,0.0
491,5,0.0,0.0
491,6,0.0,0.0
491,7,0.0,0.0
491,8,0.0,0.0
491,9,0.0,0.0
491,10,0.0,0.0
492,1,0.0,0.05
492,2,0.05,0.05
492,3,0.0,0.0
492,4,0.0,0.0
492,5,0.0,0.0
492,6,0.0,0.0
492,7,0.0,0.0
492,8,0.05,0.05
492,9,0.0,0.0
492,10,0.0,0.0
492,11,0.0,0.0
493,1,0.0,0.0
493,2,0.0,0.0
493,3,0.0,0.0
493,4,0.0,0.0
493,5,0.0,0.0
493,6,0.0,0.0
493,7,0.0,0.0
493,8,0.0,0.0
493,9,0.0,0.0
493,10,0.0,0.0
493,11,0.0,0.0
493,12,0.0,0.0
494,1,0.0,0.0
494,2,0.0,0.0
494,3,0.0,0.0
494,4,0.0,0.0
494,5,0.0,0.0
494,6,0.05,0.05
494,7,0.0,0.05
494,8,0.0,0.0
495,1,0.0,0.0
495,2,0.05,0.05
495,3,0.05,0.05
495,4,0.05,0.0
495,5,0.0,0.05
495,6,0.0,0.0
495,7,0.0,0.0
495,8,0.0,0.0
